ï»¿#,artist,title,album,track,year
2322,northern voices,day of living,faithful,1.0,1994.0
2684,shawn colvin,shotgun down the avalanche,steady on,3.0,1989.0
652,chumbawamba,i want more,tubthumper,11.0,1997.0
3101,they might be giants,twisting,flood,8.0,1990.0
62,aerosmith,dude (looks like a lady),permanent vacation,5.0,1987.0
852,dave matthews band,crush,before these crowded streets,8.0,1998.0
2586,sarah mclachlan,possession,mirrorball,10.0,1999.0
3304,tracy chapman,coldfeet,new beginning,4.0,1995.0
380,big audio dynamite ii,rush (new york city club version),so i married an axe murderer soundtrack,5.0,1993.0
686,collective soul,untitled,collective soul,2.0,1995.0
3347,u2,sometimes you can't make it on your own,how to dismantle an atomic bomb,3.0,2004.0
63,aerosmith,angel,permanent vacation,9.0,1987.0
3191,they might be giants,she's an angel,severe tire damage,6.0,2006.0
3560,weird al yankovic,buy me a condo,in 3-d,4.0,1984.0
838,dashboard confessional,screaming infidelities,the places you have come to fear the most,2.0,2001.0
1875,lisa loeb,jake,firecracker,9.0,1997.0
955,del amitri,roll to me,twisted,7.0,1995.0
656,clash,rock the casbah,combat rock,4.0,1982.0
2321,norm wooster singers,lovin' you lots and lots,that thing you do soundtrack,1.0,1996.0
3555,weird al yankovic,good old days,even worse,11.0,1988.0
2683,shawn colvin,diamond in the rough,steady on,2.0,1989.0
2607,scott mckenzie,san francisco (be sure to wear flowers in your hair),voice of scott mckenzie,1.0,1967.0
2106,michael mclean,if only you believe in yourself,a new kind of love song,5.0,1988.0
462,bon jovi,in these arms,keep the faith,4.0,1992.0
16,3 doors down,be like that,the better life,5.0,2000.0
95,alison krauss,i'll fly away,o brother where art thou? soundtrack,9.0,2000.0
2016,mary chapin carpenter,passionate kisses,come on come on,7.0,1992.0
3593,weird al yankovic,ebay,poodle hat,11.0,2003.0
1011,eiffel 65,blue,europop,1.0,1999.0
616,chantal kreviazuk,leaving on a jet plane,armageddon soundtrack,12.0,1998.0
2551,rolling stones,(i can't get no) satisfaction,out of our heads,7.0,1965.0
3531,weird al yankovic,since you've been gone,bad hair day,6.0,1996.0
2061,metallica,struggle within,metallica,12.0,1991.0
2973,the simpsons,end credits (philip glass homage),go simpsonic with the simpsons,48.0,1999.0
1084,eric clapton,i shot the sheriff,461 ocean boulevard,5.0,1974.0
64,aerosmith,love in an elevator,pump,3.0,1989.0
3113,they might be giants,subliminal,john henry,1.0,1994.0
2049,metallica,whiskey in the jar,garage inc.,9.0,1998.0
2926,thalia,amor a la mexicana,amor a la mexicana,4.0,1997.0
2917,taylor hicks,do i make you proud?,taylor hicks,14.0,1996.0
3112,they might be giants,road movie to berlin,flood,19.0,1990.0
271,barenaked ladies,baby seat,maroon,9.0,2000.0
2141,michelle branch,goodbye to you,the spirit room,10.0,2001.0
1752,killers,when you were young,sam's town,3.0,2006.0
665,coldplay,yellow,parachutes,5.0,2000.0
364,ben folds,landed,songs for silverman,4.0,2005.0
2355,orgy,blue monday,candyass,7.0,1998.0
3390,ub40,here i am (come and take me),labour of love ii,1.0,1989.0
1459,jack johnson,never know,in between dreams,2.0,2005.0
173,aquabats,monsters wedding,the floating eye of death,8.0,1999.0
1102,everclear,everything to everyone,so much for the afterglow,2.0,1997.0
2200,mozart,eine kleine nachtmusik,,,
1981,mannheim steamroller,god rest ye merry gentlemen,mannheim steamroller christmas,10.0,1984.0
3037,the simpsons,everybody hates ned flanders medley (feat. david byrne),testify,17.0,2007.0
840,daughtry,it's not over,daughtry,1.0,2006.0
378,better than ezra,a lifetime,closer,5.0,2001.0
1281,green day,warning,warning,1.0,2000.0
154,aquabats,hey luno!,myths legends and other amazing adventures vol. 2,2.0,2000.0
1502,james horner,boat chase,patriot games soundtrack,9.0,1992.0
80,alanis morissette,eight easy steps,so-called chaos,1.0,2004.0
659,coldplay,the scientist,a rush of blood to the head,4.0,2002.0
500,bruce hornsby,the way it is,the way it is,5.0,1986.0
1413,inquietos,ella era todo,,,
1217,goo goo dolls,you never know,gutterflower,4.0,2002.0
1521,james taylor,hangnail,hourglass,13.0,1997.0
1701,journey,lights,infinity,1.0,1978.0
2538,robbie williams,supreme,sing when you're winning,4.0,2000.0
980,dixie chicks,traveling soldier,home,3.0,2002.0
2129,michael mclean,i cannot find my way (three kings),the forgotten carols,8.0,1991.0
2080,michael jackson,man in the mirror,bad,7.0,1987.0
848,dave matthews band,don't drink the water,before these crowded streets,4.0,1998.0
1879,lisa loeb,it's over,tails,1.0,1995.0
3312,tracy chapman,talkin' 'bout a revolution,tracy chapman,1.0,1988.0
268,barenaked ladies,conventioneers,maroon,6.0,2000.0
1039,eminem,cleaning out my closet (clean),the eminem show,4.0,2002.0
238,bangles,going down to liverpool,all over the place,8.0,1984.0
700,collective soul,goodnight good guy,hints allegations and things left unsaid,2.0,1994.0
1693,joss stone,the chokin' kind,the soul sessions,1.0,2003.0
47,adam sandler,thanksgiving song,they're all gonna laugh at you,10.0,1993.0
3496,weezer,hash pipe,weezer (2001),3.0,2001.0
42,ace of base,don't turn around,the sign,2.0,1993.0
2783,smashing pumpkins,an ode to no one,mellon collie and the infinite sadness - dawn to dusk,8.0,1995.0
2594,sarah mclachlan,adia,surfacing,4.0,1997.0
1743,killers,all these things that i've done,hot fuss,5.0,2004.0
1565,jet,look what you've done,get born,4.0,2003.0
3147,they might be giants,shoehorn with teeth,lincoln,15.0,1993.0
3189,they might be giants,why does the sun shine,severe tire damage,4.0,2006.0
1601,jewel,what's simple is true,spirit,2.0,1998.0
1832,les mis&eacute;rables,master of the house,les mis&eacute;rables soundtrack,13.0,1995.0
1449,jack johnson,flake,brushfire fairytales,5.0,2002.0
511,bush,swallowed,razorblade suitcase,3.0,1996.0
102,all-american rejects,dirty little secret,move along,1.0,2005.0
2003,maroon 5,shiver,songs about jane,3.0,2002.0
2580,sarah mclachlan,i will remember you,mirrorball,4.0,1999.0
3038,the simpsons,i love to walk,testify,18.0,2007.0
1122,fatboy slim,rockafeller skank,you've come a long way baby,2.0,1998.0
1893,live,the dam at otter creek,throwing copper,1.0,1994.0
3348,u2,love and peace or else,how to dismantle an atomic bomb,4.0,2004.0
5,3 doors down,ticket to heaven,away from the sun,4.0,2002.0
1925,madonna,vogue,i'm breathless,12.0,1990.0
241,bangles,if she knew what wants,different light,7.0,1986.0
1443,itayp&uacute;,humahuaque&ntilde;o-quebrade&ntilde;o,folklore latinamericano vol. ii,,
324,beatles,can't buy me love,a hard day's night,7.0,1964.0
1643,john lennon,happy xmas (war is over),happy xmas (war is over),1.0,1971.0
1202,gin blossoms,found out about you,new miserable experience,8.0,1992.0
2156,moby,natural blues,play,8.0,1999.0
2138,michelle branch,are you happy now,hotel paper,2.0,2003.0
3413,village people,ymca,cruisin',1.0,1978.0
1560,jerry goldsmith,the dish,star trek first contact soundtrack,9.0,1996.0
2813,sophie b. hawkins,as i lay me down,whaler,4.0,1994.0
2873,sting,a thousand years,brand new day,1.0,1999.0
2691,sheryl crow,diamond road,c'mon c'mon,4.0,2002.0
1740,killers,mr. brightside,hot fuss,2.0,2004.0
2903,switchfoot,meant to live,the beautiful letdown,1.0,2003.0
2922,tears for fears,break it down again,elemental,3.0,1993.0
209,arlen l. card,emily,book of mormon soundtrack,3.0,1994.0
2182,modest mouse,one chance,good news for people who love bad news,15.0,2004.0
1733,kenny loggins,return to pooh corner,return to pooh corner,3.0,1994.0
2147,ming tea,bbc,austin powers soundtrack,2.0,1997.0
353,ben folds,zak and sara,rockin' the suburbs,2.0,2001.0
1674,john williams,summon the heroes (1996 olympic theme),summon the heroes,1.0,1996.0
1398,indigo girls,kid fears,indigo girls,3.0,1989.0
1662,john mellencamp,the end of the world,trouble no more,7.0,2003.0
596,cardigans,lovefool,first band on the moon,7.0,1996.0
3087,they might be giants,your own worst enemy,factory showroom,7.0,1996.0
256,barenaked ladies,vanishing,are me,11.0,2006.0
1589,jewel,foolish games,pieces of you,4.0,1995.0
772,counting crows,cowboys,saturday nights &amp; sunday mornings,6.0,2008.0
355,ben folds,gone,rockin' the suburbs,4.0,2001.0
2330,northern voices,lost in the work,faithful,9.0,1994.0
3016,the simpsons,happy birthday lisa,songs in the key of springfield,35.0,1997.0
2139,michelle branch,everywhere,the spirit room,1.0,2001.0
2910,syesha mercado,got to get you into my life,,,2008.0
3492,weezer,jamie,weezer (1996),13.0,1996.0
571,cake,waiting,pressure chief,7.0,2004.0
2498,reel big fish,241,turn the radio off,7.0,1996.0
1030,elton john,rocket man,honky ch&acirc;teau,5.0,1972.0
3526,weird al yankovic,amish paradise,bad hair day,1.0,1996.0
680,collective soul,you speak my language,blender,7.0,2000.0
314,beastie boys,body movin',hello nasty,6.0,1998.0
2952,the simpsons,the ballad of jebadiah springfield,go simpsonic with the simpsons,27.0,1999.0
393,big mountain,baby i love your way,reality bites soundtrack,14.0,1994.0
133,andrew lloyd webber,down once more/track down this murderer,phantom of the opera,13.0,2004.0
2284,no doubt,hella good,rock steady,2.0,2001.0
1008,eagles,hotel california,hotel california,1.0,1976.0
3604,weird al yankovic,truck drivin' song,running with scissors,10.0,1999.0
2657,shania twain,you're still the one,come on over,10.0,1997.0
1330,hootie and the blowfish,she crawls away,fairweather johnson,4.0,1996.0
3448,weezer,perfect situation,make believe,2.0,2005.0
281,barenaked ladies,one week,stunt,1.0,1998.0
3620,weird al yankovic,money for nothing,uhf soundtrack,1.0,1989.0
2362,pachelbel,canon in d,,,
1860,linkin park,crawling,hybrid theory,5.0,2000.0
1043,eminem,without me (clean),the marshall mathers lp,8.0,2000.0
2883,stray cats,rock this town,stray cats,6.0,1981.0
1036,elvis presley,blue moon,elvis [1956],13.0,1956.0
3082,they might be giants,till my head falls off,factory showroom,2.0,1996.0
3479,weezer,pink triangle,pinkerton,8.0,1996.0
3286,tori amos,smells like teen spirit,crucify,4.0,1992.0
2161,moby,if things were perfect,play,13.0,1999.0
1248,green day,holiday,american idiot,3.0,2004.0
2947,the simpsons,everyone loves ned flanders,go simpsonic with the simpsons,22.0,1999.0
3062,they might be giants,dig my grave,apollo 18,1.0,1992.0
2218,n sync,pop,celebrity,1.0,2001.0
1296,harry connick jr.,it had to be you,when harry met sally soundtrack,1.0,1989.0
26,abba,mamma mia,abba,1.0,1975.0
465,boo radleys,there she goes,so i married an axe murderer soundtrack,1.0,1993.0
2547,rod stewart,reason to believe,unplugged...and seated,7.0,1993.0
3130,they might be giants,out of jail,john henry,18.0,1994.0
3126,they might be giants,a self called nowhere,john henry,14.0,1994.0
272,barenaked ladies,off the hook,maroon,10.0,2000.0
249,barenaked ladies,easy,are me,4.0,2006.0
2140,michelle branch,all you wanted,the spirit room,3.0,2001.0
1348,hootie and the blowfish,the rain song,hootie and the blowfish,7.0,2003.0
2248,natalie merchant,jealousy,tigerlily,9.0,1995.0
2634,shakira,te aviso te anuncio,laundry service,13.0,2001.0
1051,enya,a day without rain,a day without rain,1.0,2000.0
2348,oklahoma,oklahoma!,oklahoma soundtrack,20.0,1955.0
3090,they might be giants,james k. polk,factory showroom,10.0,1996.0
541,cake,open book,fashion nugget,4.0,1996.0
883,david archuleta,angels,,,2008.0
1626,jewel,grey matter,this way,13.0,2001.0
1354,hootie and the blowfish,alright,hootie and the blowfish,13.0,2003.0
289,barenaked ladies,never is enough,stunt,9.0,1998.0
2781,smashing pumpkins,bullet with butterfly wings,mellon collie and the infinite sadness - dawn to dusk,6.0,1995.0
774,counting crows,on almost any sunday morning,saturday nights &amp; sunday mornings,8.0,2008.0
3203,they might be giants,experimental film,the spine,1.0,2004.0
2280,nirvana,something in the way,nevermind,12.0,1991.0
397,billy joel,my life,52nd street,3.0,1978.0
958,depeche mode,it's no good,ultra,4.0,1995.0
435,blink 182,i miss you,blink 182,3.0,2003.0
2897,sugar ray,stand and deliver,floored,9.0,1997.0
1790,la mosca ts&eacute; ts&eacute;,para no verte m&aacute;s,visperas de carnaval,3.0,2000.0
3474,weezer,no other one,pinkerton,3.0,1996.0
1577,jewel,stephenville tx,goodbye alice in wonderland,11.0,2006.0
782,counting crows,hanginaround,this desert life,1.0,1999.0
1563,jesus jones,right here right now,doubt,5.0,1991.0
126,andrew lloyd webber,the music of the night,phantom of the opera,6.0,2004.0
2549,rod stewart,the motown song,vagabond heart,7.0,1991.0
1546,jeff goodrich,i heard him come,i heard him come,6.0,1992.0
790,cranberries,everything i said,no need to argue,6.0,1994.0
2328,northern voices,if she only knew,faithful,7.0,1994.0
1180,garth brooks (as chris gaines),lost in you,the life of chris gaines,2.0,1999.0
575,cake,tougher than it is,pressure chief,11.0,2004.0
1082,eric carmen,hungry eyes,dirty dancing soundtrack,4.0,1987.0
3324,twisted sister,we're not gonna take it,stay hungry,2.0,1984.0
563,cake,mr. mastodon farm,motorcade of generosity,12.0,1995.0
815,cyndi lauper,time after time,she's so unusual,4.0,1984.0
1735,kenny loggins,danger zone,top gun soundtrack,1.0,1986.0
1487,jack johnson,symbol in my driveway,on and on,16.0,2003.0
2117,michael mclean,stay with me,stay with me,,1984.0
2186,moniot d'arras,ce fut en mai,,,
2256,neil diamond,america,the jazz singer soundtrack,1.0,1980.0
1780,kurt bestor,firm in the faith,book of mormon soundtrack,4.0,1994.0
1592,jewel,morning song,pieces of you,7.0,1995.0
1126,filter,take a picture,title of record,6.0,1999.0
1538,jason castro,michelle,,,2008.0
335,beatles,sgt. pepper's lonely hearts club band,sgt. pepper's lonely hearts club band,1.0,1967.0
2136,michael mclean,gentle,you've always been there for me,12.0,1992.0
1678,john williams,superman (love theme),superman soundtrack,4.0,1978.0
1869,lisa loeb,truthfully,firecracker,3.0,1997.0
1163,franz ferdinand,take me out,franz ferdinand,3.0,2004.0
3626,weird al yankovic,the check's in the mail,weird al yankovic,7.0,1983.0
258,barenaked ladies,wind it up,are me,13.0,2006.0
85,alannah myles,black velvet,alannah myles,3.0,1989.0
2361,ov7,shabadaba,cd00,5.0,2000.0
35,abba,one of us,the visitors,6.0,1981.0
1139,foo fighters,my hero,the colour and the shape,7.0,1997.0
1229,goo goo dolls,feel the silence,let love in,3.0,2006.0
156,aquabats,pizza day!,myths legends and other amazing adventures vol. 2,4.0,2000.0
488,britney spears,stronger,oops! i did it again,2.0,2000.0
2109,michael mclean,as i am,as i am,2.0,2005.0
650,chumbawamba,mary mary,tubthumper,9.0,1997.0
1736,kenny loggins,forever,vox humana,6.0,1985.0
1702,journey,when you love a woman,trial by fire,3.0,1996.0
3141,they might be giants,pencil rain,lincoln,9.0,1993.0
3489,weezer,in the garage,weezer (1994),8.0,1994.0
202,aquabats,yo check out this ride!,yo check out this ride!,1.0,2004.0
2844,squirrel nut zippers,bad businessman,hot,9.0,1996.0
416,billy joel,goodnight saigon,the nylon curtain,4.0,1982.0
400,billy joel,tell her about it,an innocent man,5.0,1983.0
2492,reel big fish,sell out,turn the radio off,1.0,1996.0
2865,stephen sondheim,loving you,passion soundtrack,20.0,1994.0
269,barenaked ladies,sell sell sell,maroon,7.0,2000.0
2031,melissa etheridge,i'm the only one,yes i am,1.0,1993.0
2013,martika,toy soldiers,martika,4.0,1989.0
1475,jack johnson,taylor,on and on,4.0,2003.0
198,aquabats,ska robot army,the return of the aquabats!,3.0,1996.0
2726,sheryl crow,crash and burn,globe sessions,11.0,1998.0
1228,goo goo dolls,let love in,let love in,2.0,2006.0
569,cake,carbon monoxide,pressure chief,5.0,2004.0
1250,green day,are we the waiting,american idiot,5.0,2004.0
395,billie myers,kiss the rain,growing pains,1.0,1997.0
872,dave matthews band,everybody wake up (our finest hour arrives),stand up,7.0,2005.0
3601,weird al yankovic,polka power!,running with scissors,7.0,1999.0
2460,ray charles,hit the road jack,the genius hits the road,14.0,1960.0
1106,everclear,wonderful,songs from an american movie vol. 1: learning how to smile,11.0,2000.0
1977,mandy moore,it's gonna be love,a walk to remember soundtrack,7.0,2002.0
3050,the simpsons,my fair laddy medley,testify,30.0,2007.0
492,brooke white,you've got a friend,,,2008.0
2038,merril jenson,the whole armor of god,new testament soundtrack,3.0,1992.0
889,david archuleta,we can work it out,,,2008.0
1741,killers,smile like you mean it,hot fuss,3.0,2004.0
1714,keane,somewhere only we know,hopes and fears,1.0,2004.0
3107,they might be giants,whistling in the dark,flood,14.0,1990.0
585,cake,alpha beta parking lot,prolonging the magic,10.0,1998.0
205,aquabats,big sky!,yo check out this ride!,4.0,2004.0
294,barenaked ladies,she's on time,stunt,14.0,1998.0
1624,jewel,love me just leave me alone,this way,11.0,2001.0
310,beach boys,little saint nick,the beach boys' christmas album,1.0,1964.0
3046,the simpsons,we are the jockeys,testify,26.0,2007.0
2534,rob thomas,streetcorner symphony,something to be,11.0,2005.0
70,alabama,song of the south,southern star,1.0,1989.0
3162,they might be giants,my man,mink car,11.0,2001.0
3048,the simpsons,a star is torn medley,testify,28.0,2007.0
2471,red hot chili peppers,the zephyr song,by the way,6.0,2002.0
3493,weezer,sweet adeline (my evaline),weezer (1996),14.0,1996.0
3281,tonic,if you could only see,lemon parade,3.0,1996.0
3040,the simpsons,the president wore pearls medley,testify,20.0,2007.0
3293,tracy chapman,almost,let it rain,5.0,2002.0
1471,jack johnson,constellations,in between dreams,14.0,2005.0
1201,gin blossoms,until i fall away,new miserable experience,4.0,1992.0
189,aquabats,idiot box!,the fury of the aquabats,10.0,1997.0
2365,paul simon,you can call me al,graceland,6.0,1986.0
2555,rooftop singers,walk right in,walk right in,,1963.0
3453,weezer,the damage in your heart,make believe,7.0,2005.0
508,buffalo springfield,for what it's worth,buffalo springfield,1.0,1967.0
1578,jewel,where you are,goodbye alice in wonderland,12.0,2006.0
2582,sarah mclachlan,i love you,mirrorball,6.0,1999.0
1384,howie day,collide,stop all the world now,3.0,2003.0
1911,los lonely boys,heaven,los lonely boys,2.0,2004.0
961,destiny's child,independent women pt. 1,charlie's angels soundtrack,1.0,2000.0
3613,weird al yankovic,confessions part iii,straight outta lynwood,7.0,2006.0
2345,ohio express,yummy yummy yummy,,,1968.0
2232,natalie merchant,build a levee,motherland,5.0,2001.0
3402,vanessa carlton,a thousand miles,be not nobody,3.0,2002.0
1709,julie de azevedo,shine on me,treasure the truth - especially for youth 1997,2.0,1997.0
2208,mulan,honor to us all,mulan soundtrack,1.0,1998.0
1632,jimmy cliff,i can see clearly now,cool runnings soundtrack,2.0,1993.0
938,deep blue something,gammer gerten's needle,home,1.0,1995.0
2789,smashing pumpkins,take me down,mellon collie and the infinite sadness - dawn to dusk,14.0,1995.0
111,amy grant,galileo,heart in motion,6.0,1991.0
905,david barrus,you're not alone,on stage,14.0,1997.0
3077,they might be giants,hypnotist of ladies,apollo 18,16.0,1992.0
2626,shaggy,angel,hot shot,6.0,2000.0
3480,weezer,falling for you,pinkerton,9.0,1996.0
2391,phil collins,a groovy kind of love,buster soundtrack,12.0,1988.0
1885,little shop of horrors,dentist!,little shop of horrors soundtrack,9.0,2003.0
3259,thompson twins,hold me now,into the gap,3.0,1984.0
1023,elemeno-p,breaking down the wall,no more lonely people,10.0,1994.0
1110,everything but the girl,missing,amplified heart,6.0,1994.0
2760,simple plan,perfect,no pads no helmets... just balls,12.0,2002.0
1184,general public,i'll take you there,threesome soundtrack,2.0,1994.0
2727,sheryl crow,sweet child o' mine,globe sessions,12.0,1998.0
2036,mendelssohn,wedding march,,,
638,christina aguilera,genie in a bottle,christina aguilera - genie in a bottle,1.0,1999.0
385,big bad voodoo daddy,you and me and the bottle makes 3 tonight (baby),big bad voodoo daddy,5.0,1998.0
996,duke ellington,it don't mean a thing (if it ain't got that swing),rockin' in rhythm,16.0,1927.0
3169,they might be giants,fibber island,no!,1.0,2002.0
562,cake,i bombed korea,motorcade of generosity,11.0,1995.0
2778,smashing pumpkins,jellybelly,mellon collie and the infinite sadness - dawn to dusk,3.0,1995.0
1312,hootie and the blowfish,the christmas song,a very special christmas vol. 3,9.0,1997.0
2993,the simpsons,se&ntilde;or burns,songs in the key of springfield,12.0,1997.0
2879,stone temple pilots,plush,core,9.0,1992.0
61,aerosmith,pink,nine lives,11.0,1997.0
1474,jack johnson,traffic in the sky,on and on,3.0,2003.0
1525,james taylor,don't let me be lonely tonight,one man dog,8.0,1972.0
1508,james taylor,steamroller (clean),greatest hits (james taylor),12.0,1976.0
2171,modest mouse,ocean breathes salty,good news for people who love bad news,4.0,2004.0
1623,jewel,i won't walk away,this way,10.0,2001.0
1187,genitallica,qu&eacute; fue lo que pas&oacute;,picas o platicas,14.0,2001.0
270,barenaked ladies,the humour of the situation,maroon,8.0,2000.0
519,byu concert choir,come thou fount of every blessing,a thanksgiving of american folk hymns,18.0,1994.0
3485,weezer,buddy holly,weezer (1994),4.0,1994.0
3351,u2,man and a woman,how to dismantle an atomic bomb,7.0,2004.0
3209,they might be giants,bastard wants to hit me,the spine,7.0,2004.0
3235,they might be giants,alienation's for the rich,they might be giants,17.0,1986.0
2757,simon and garfunkel,i am a rock,sounds of silence,11.0,1966.0
2270,nirvana,in bloom,nevermind,2.0,1991.0
1426,itayp&uacute;,es para ti,folklore latinamericano vol. i,,
2901,survivor,eye of the tiger,eye of the tiger,1.0,1982.0
2799,smashing pumpkins,we only come out at night,mellon collie and the infinite sadness - twilight to starlight,10.0,1995.0
144,aquabats,nerd alert!,charge!!,5.0,2005.0
200,aquabats,aquabat march,the return of the aquabats!,8.0,1996.0
2716,sheryl crow,my favorite mistake,globe sessions,1.0,1998.0
773,counting crows,washington square,saturday nights &amp; sunday mornings,7.0,2008.0
3,3 doors down,away from the sun,away from the sun,2.0,2002.0
3411,verve,bittersweet symphony,urban hymns,1.0,1997.0
2639,shakira,un poco de amor,pies descalzos,3.0,1996.0
174,aquabats,the ballad of mr. bonkers,the floating eye of death,9.0,1999.0
2899,sugar ray,when it's over,sugar ray,2.0,2001.0
1774,kristy lee cook,god bless the u.s.a.,,,2008.0
1559,jerry goldsmith,39.1 degrees celsius,star trek first contact soundtrack,8.0,1996.0
2665,shawn colvin,sunny came home,a few small repairs,1.0,1996.0
3414,vince guaraldi,linus and lucy,a charlie brown christmas,4.0,1964.0
808,culture club,karma chameleon,colour by numbers,1.0,1983.0
3644,wings,maybe i'm amazed,wings over america,5.0,1976.0
3153,they might be giants,cyclops rock,mink car,2.0,2001.0
600,carly smithson,total eclipse of the heart,,,2008.0
2957,the simpsons,plow king,go simpsonic with the simpsons,32.0,1999.0
2457,rascal flatts,prayin' for daylight,rascal flatts,1.0,2000.0
3194,they might be giants,ana ng,severe tire damage,9.0,2006.0
3089,they might be giants,spiraling shape,factory showroom,9.0,1996.0
2490,rednex,cotton eye joe,sex &amp; violins,1.0,1994.0
1063,enya,caribbean blue,paint the sky with stars:  the best of enya,2.0,1997.0
379,better than ezra,good,deluxe,2.0,1995.0
1928,madonna,like a virgin,like a virgin,3.0,1984.0
415,billy joel,a matter of trust,the bridge,3.0,1986.0
1009,edie brickell and new bohemians,what i am,shooting rubberbands at the stars,1.0,1988.0
2896,sugar ray,tap twist snap,floored,7.0,1997.0
175,aquabats,canis lupis,the floating eye of death,10.0,1999.0
3340,u2,sweetest thing,best of 1980-1990,10.0,1998.0
1803,lenny kravitz,where are we runnin',baptism,7.0,2004.0
2324,northern voices,when your heart says go,faithful,3.0,1994.0
171,aquabats,chemical bomb,the floating eye of death,6.0,1999.0
3539,weird al yankovic,dare to be stupid,dare to be stupid,2.0,1985.0
634,chopin,polonaise no. 6 op.53 (heroic),,,
88,alejandro sanz,amiga mia,mtv unplugged (alejandro sanz),3.0,2001.0
3495,weezer,photograph,weezer (2001),2.0,2001.0
4,3 doors down,the road i'm on,away from the sun,3.0,2002.0
2394,phil collins,dance into the light,dance into the light,1.0,1996.0
2797,smashing pumpkins,stumbleine,mellon collie and the infinite sadness - twilight to starlight,8.0,1995.0
2994,the simpsons,end credits (afro-cuban version),songs in the key of springfield,13.0,1997.0
1846,les mis&eacute;rables,a heart full of love,les mis&eacute;rables soundtrack,20.0,1995.0
92,alejandro sanz,lo que fui es lo que soy,mtv unplugged (alejandro sanz),12.0,2001.0
1798,lenny kravitz,i belong to you,5,3.0,1998.0
2055,metallica,don't tread on me,metallica,6.0,1991.0
1717,kenneth cope,my servant joseph,my servant joseph,3.0,1993.0
3213,they might be giants,spines,the spine,11.0,2004.0
1073,enya,paint the sky with stars,paint the sky with stars:  the best of enya,12.0,1997.0
2738,sheryl crow,good is good,wildflower,3.0,2005.0
1344,hootie and the blowfish,innocence,hootie and the blowfish,3.0,2003.0
373,ben folds five,steven's last night in town,whatever and ever amen,9.0,2005.0
1811,les mis&eacute;rables,on parole - the bishop,les mis&eacute;rables soundtrack,2.0,1995.0
1583,jewel,gloria,joy: a holiday collection,12.0,1999.0
2350,olga ta&ntilde;&oacute;n,como olvidar (merengue),yo por ti,3.0,2001.0
207,archies,sugar sugar,greatest hits (archies),,1969.0
1778,kt tunstall,black horse and the cherry tree,eye to the telescope,4.0,2004.0
1145,forever plaid,crazy 'bout ya baby,forever plaid soundtrack,4.0,1990.0
967,dido,white flag,life for rent,1.0,2003.0
658,coldplay,in my place,a rush of blood to the head,2.0,2002.0
625,chichi peralta,procura,pa' otro la'o,7.0,1997.0
2724,sheryl crow,mississippi,globe sessions,9.0,1998.0
646,chumbawamba,the good ship lifestyle,tubthumper,5.0,1997.0
424,binomio de oro,olv&iacute;dala,,,
844,dave matthews,gravedigger,some devil,3.0,2003.0
2863,starship,nothing's gonna stop us now,no protection,2.0,1987.0
2958,the simpsons,kamp krusty theme song,go simpsonic with the simpsons,33.0,1999.0
907,david barrus,my funny valentine,on stage 2: more broadway favorites,5.0,2000.0
1415,insideout,prayer of the children,innocence,9.0,1999.0
1716,kenneth cope,learning for myself,my servant joseph,2.0,1993.0
2748,simon and garfunkel,a hazy shade of winter,bookends,11.0,1968.0
3424,vivaldi,winter - 3rd movement,,,
780,counting crows,come around,saturday nights &amp; sunday mornings,14.0,2008.0
690,collective soul,where the river flows,collective soul,6.0,1995.0
1103,everclear,i will buy you a new life,so much for the afterglow,5.0,1997.0
997,duncan sheik,barely breathing,duncan sheik,3.0,1996.0
1991,mariah carey,honey,butterfly,1.0,1997.0
1342,hootie and the blowfish,deeper side,hootie and the blowfish,1.0,2003.0
326,beatles,free as a bird,anthology 1,1.0,1995.0
474,boyz ii men,on bended knee,ii,10.0,1994.0
3447,weezer,beverly hills,make believe,1.0,2005.0
771,counting crows,insignificant,saturday nights &amp; sunday mornings,5.0,2008.0
2621,semisonic,closing time,feeling strangely fine,1.0,1998.0
3120,they might be giants,why must i be sad?,john henry,8.0,1994.0
332,beatles,let it be,let it be,6.0,1970.0
485,britney spears,i'm a slave 4 u,britney,1.0,2001.0
2436,queen,under pressure,hot space,11.0,1982.0
3477,weezer,the good life,pinkerton,6.0,1996.0
582,cake,sheep go to heaven,prolonging the magic,7.0,1998.0
877,dave matthews band,you might die trying,stand up,12.0,2005.0
3184,they might be giants,bed bed bed,no!,16.0,2002.0
1962,man&aacute;,vivir sin aire (vivo),en vivo,18.0,1995.0
3586,weird al yankovic,party at the leper colony,poodle hat,4.0,2003.0
1147,forever plaid,perfidia,forever plaid soundtrack,6.0,1990.0
1025,ella fitzgerald,it's only a paper moon,ella and her fellas,7.0,1938.0
835,dashboard confessional,stolen,dusk and summer,4.0,2006.0
1837,les mis&eacute;rables,turning,les mis&eacute;rables soundtrack,15.0,1995.0
1755,killers,read my mind,sam's town,6.0,2006.0
614,celine dion,when i fall in love,the colour of my love,8.0,1993.0
699,collective soul,shine,hints allegations and things left unsaid,1.0,1994.0
1182,gavin degraw,i don't want to be,chariot,8.0,2003.0
833,dashboard confessional,several ways to die trying,a mark a mission a brand a scar,13.0,2003.0
163,aquabats,worms make dirt!,myths legends and other amazing adventures vol. 2,11.0,2000.0
3229,they might be giants,she's an angel,they might be giants,11.0,1986.0
930,david hernandez,i saw her standing there,,,2008.0
2539,robbie williams,millenium,the ego has landed,2.0,1999.0
1646,john mayer,daughters,heavier things,8.0,2003.0
3506,weezer,pork &amp; beans,weezer (2008),3.0,2008.0
121,andrew lloyd webber,overture,phantom of the opera,1.0,2004.0
2093,michael jackson,privacy,invincible,11.0,2001.0
1124,felicia sorensen,joy will be my reward,especially for youth - joy in the journey (1998),4.0,1998.0
918,david cook,the music of the night,,,2008.0
2432,proclaimers,i'm gonna be (500 miles),sunshine on leith,1.0,1988.0
1739,killers,jenny was a friend of mine,hot fuss,1.0,2004.0
3596,weird al yankovic,my baby's in love with eddie vedder,running with scissors,2.0,1999.0
1482,jack johnson,fall line,on and on,11.0,2003.0
1785,la ley,libertad,libertad,3.0,2003.0
1720,kenneth cope,friends,my servant joseph,6.0,1993.0
856,dave matthews band,grey street,busted stuff,2.0,2002.0
159,aquabats,radiation song!,myths legends and other amazing adventures vol. 2,7.0,2000.0
3508,weezer,everybody get dangerous,weezer (2008),5.0,2008.0
1670,john williams,jurassic park theme,jurassic park soundtrack,2.0,1993.0
1946,man&aacute;,hundido en un rinc&oacute;n,cuando los angeles lloran,3.0,1995.0
3064,they might be giants,she's actual size,apollo 18,3.0,1992.0
3253,third eye blind,london,third eye blind,10.0,1997.0
2845,squirrel nut zippers,flight of the passing fancy,hot,10.0,1996.0
3374,u2,wire,the unforgettable fire,3.0,1984.0
2478,red hot chili peppers,on mercury,by the way,13.0,2002.0
3488,weezer,say it ain't so,weezer (1994),7.0,1994.0
3170,they might be giants,four of two,no!,2.0,2002.0
1089,eric clapton,blue eyes blue,the runaway bride soundtrack,6.0,1999.0
2388,peter schilling,major tom (coming home),error in the system,5.0,1983.0
2805,snap,rhythm is a dancer,the madman's return,5.0,1992.0
1994,mariah carey,one sweet day,daydream,3.0,1995.0
251,barenaked ladies,bull in a china shop,are me,6.0,2006.0
1409,indigo girls,reunion,swamp ophelia,4.0,1994.0
609,cars,my best friend's girl,the cars,2.0,1978.0
79,alanis morissette,ironic,jagged little pill,10.0,1995.0
1960,man&aacute;,te llor&eacute; un r&iacute;o (vivo),en vivo,7.0,1995.0
66,aerosmith,what it takes,pump,10.0,1989.0
2792,smashing pumpkins,thirty-three,mellon collie and the infinite sadness - twilight to starlight,3.0,1995.0
3355,u2,yahweh,how to dismantle an atomic bomb,11.0,2004.0
1087,eric clapton,tears in heaven,rush soundtrack,10.0,1992.0
2267,nirvana,all apologies,in utero,12.0,1993.0
3300,tracy chapman,i am yours,let it rain,12.0,2002.0
288,barenaked ladies,in the car,stunt,8.0,1998.0
2962,the simpsons,cletus the slack-jawed yokel,go simpsonic with the simpsons,37.0,1999.0
444,blondie,the tide is high,autoamerican,4.0,1980.0
2904,switchfoot,dare you to move,the beautiful letdown,5.0,2003.0
2791,smashing pumpkins,bodies,mellon collie and the infinite sadness - twilight to starlight,2.0,1995.0
1814,les mis&eacute;rables,at the end of the day,les mis&eacute;rables soundtrack,4.0,1995.0
618,chayanne,yo te amo,simplemente,4.0,2001.0
1166,fuel,empty spaces,something like human,3.0,2000.0
2912,taco,puttin' on the ritz,puttin' on the ritz,1.0,1982.0
1580,jewel,ave maria,joy: a holiday collection,6.0,1999.0
1927,madonna,material girl,like a virgin,1.0,1984.0
1329,hootie and the blowfish,tucker's town,fairweather johnson,3.0,1996.0
2211,music man,ya got trouble,music man soundtrack,2.0,1962.0
1454,jack johnson,mudfootball,brushfire fairytales,10.0,2002.0
2181,modest mouse,black cadillacs,good news for people who love bad news,14.0,2004.0
1829,les mis&eacute;rables,second attack - the final battle,les mis&eacute;rables soundtrack,11.0,1995.0
2030,melissa etheridge,breathe,lucky,4.0,2004.0
1323,hootie and the blowfish,not even the trees,cracked rear view,10.0,1994.0
1410,indigo girls,power of two,swamp ophelia,5.0,1994.0
1902,live,stage (clean),throwing copper,10.0,1994.0
313,beastie boys,so what'cha want,check your head,7.0,1992.0
2689,sheryl crow,soak up the sun,c'mon c'mon,2.0,2002.0
1322,hootie and the blowfish,look away,cracked rear view,9.0,1994.0
948,deep blue something,i can wait,home,11.0,1995.0
2643,shakira,si te vas,&iquest;d&oacute;nde est&aacute;n los ladrones?,2.0,1998.0
851,dave matthews band,the stone,before these crowded streets,7.0,1998.0
963,dexy's midnight runners,come on eileen,too-rye-ay,10.0,1982.0
2982,the simpsons,the simpsons main title theme,songs in the key of springfield,1.0,1997.0
2485,red hot chili peppers,road trippin',californication,15.0,1999.0
225,b.j. thomas,raindrops keep falling on my head,butch cassidy &amp; the sundance kid soundtrack,2.0,1969.0
404,billy joel,you may be right,glass houses,1.0,1980.0
1921,madonna,hung up,confessions on a dance floor,1.0,2005.0
2319,norah jones,don't miss you at all,feels like home,13.0,2004.0
687,collective soul,the world i know,collective soul,3.0,1995.0
3624,weird al yankovic,happy birthday,weird al yankovic,4.0,1983.0
3260,three dog night,joy to the world,naturally,10.0,1970.0
2360,ov7,enloqu&eacute;ceme,cd00,2.0,2000.0
1527,james taylor,country road,sweet baby james,5.0,1970.0
1657,john mellencamp,death letter,trouble no more,2.0,2003.0
1724,kenneth cope,why must the good die - free at last,my servant joseph,10.0,1993.0
260,barenaked ladies,another postcard,everything to everyone,3.0,2003.0
1698,journey,open arms,escape,10.0,1981.0
2528,richard marx,right here waiting,repeat offender,5.0,1989.0
537,cake,world of two,comfort eagle,11.0,2001.0
3098,they might be giants,dead,flood,5.0,1990.0
3230,they might be giants,youth culture killed my dog,they might be giants,12.0,1986.0
777,counting crows,you can't count on me,saturday nights &amp; sunday mornings,11.0,2008.0
3322,tupac,california love,all eyez on me,12.0,1996.0
455,bobby mcferrin,don't worry be happy,simple pleasures,1.0,1988.0
2536,robbie williams,it's de-lovely,de-lovely soundtrack,1.0,2004.0
1853,lifehouse,spin,stanley climbfall,1.0,2002.0
836,dashboard confessional,vindicated,spiderman 2 soundtrack,1.0,2004.0
2101,michael johns,across the universe,,,2008.0
2293,norah jones,don't know why,come away with me,1.0,2002.0
1873,lisa loeb,wishing heart,firecracker,7.0,1997.0
3256,third eye blind,motorcycle drive by,third eye blind,13.0,1997.0
2709,sheryl crow,now that you're gone,detours,8.0,2008.0
1542,jason castro,fragile,,,2008.0
721,corrs,runaway,forgiven not forgotten,6.0,1995.0
588,cake,where would i be?,prolonging the magic,13.0,1998.0
339,beatles,yellow submarine,yellow submarine,1.0,1969.0
612,celine dion,beauty and the beast,beauty and the beast soundtrack,15.0,1991.0
1859,linkin park,one step closer,hybrid theory,2.0,2000.0
2205,mr. big,to be with you,lean into it,11.0,1991.0
1144,forever plaid,moments to remember,forever plaid soundtrack,3.0,1990.0
2843,squirrel nut zippers,meant to be,hot,8.0,1996.0
832,dashboard confessional,if you can't leave it be might as well make it bleed,a mark a mission a brand a scar,12.0,2003.0
2130,michael mclean,i cry the day i take the tree down,the forgotten carols,9.0,1991.0
1587,jewel,pieces of you,pieces of you,2.0,1995.0
2916,talking heads,and she was,little creatures,1.0,1985.0
2839,squirrel nut zippers,twilight,hot,4.0,1996.0
3150,they might be giants,kiss me son of god,lincoln,18.0,1993.0
1923,madonna,rain,erotica,10.0,1992.0
3287,toto,rosanna,toto iv,1.0,1982.0
2440,queen,another one bites the dust,the game,3.0,1980.0
927,david cook,let go,analog heart,8.0,2006.0
2772,smash mouth,i'm a believer,shrek soundtrack,2.0,2001.0
3557,weird al yankovic,eat it,in 3-d,1.0,1984.0
143,aquabats,tiger rider vs. the time sprinkler!,charge!!,4.0,2005.0
1533,janet jackson,again,janet.,19.0,1993.0
2968,the simpsons,talkin' softball,go simpsonic with the simpsons,43.0,1999.0
1951,man&aacute;,cachito,donde jugaran los ni&ntilde;os?,3.0,1992.0
3239,they might be giants,why does the sun shine? (the sun is a mass of incandescent gas),why does the sun shine?,1.0,1993.0
1363,hootie and the blowfish,leaving,looking for lucky,9.0,2005.0
2644,shakira,moscas en la casa,&iquest;d&oacute;nde est&aacute;n los ladrones?,3.0,1998.0
1858,linkin park,papercut,hybrid theory,1.0,2000.0
1567,jewel,again and again,goodbye alice in wonderland,1.0,2006.0
497,brooke white,you must love me,,,2008.0
1585,jewel,have a little faith in me,phenomenon soundtrack,5.0,1996.0
2250,natalie merchant,seven years,tigerlily,11.0,1995.0
1235,goo goo dolls,we'll be here (when you're gone),let love in,9.0,2006.0
1292,hall and oates,maneater,h2o,1.0,1982.0
3587,weird al yankovic,angry white boy polka,poodle hat,5.0,2003.0
1463,jack johnson,sitting waiting wishing,in between dreams,6.0,2005.0
3250,third eye blind,thanks a lot,third eye blind,7.0,1997.0
2491,reel big fish,take on me,baseketball soundtrack,1.0,1998.0
2343,offspring,come out and play,smash,7.0,1994.0
801,creed,with arms wide open,human clay,8.0,1999.0
3367,u2,when love comes to town,rattle and hum,12.0,1988.0
1385,huey lewis and the news,the power of love,back to the future soundtrack,1.0,1985.0
1940,madonna,papa don't preach,true blue,1.0,1986.0
1989,maren ord,everyday,,,
2105,michael mclean,share the joy,a new kind of love song,,1988.0
193,aquabats,lobster bucket!,the fury of the aquabats,14.0,1997.0
2530,rick springfield,jessie's girl,working class dog,2.0,1981.0
3450,weezer,hold me,make believe,4.0,2005.0
1227,goo goo dolls,stay with you,let love in,1.0,2006.0
1408,indigo girls,least complicated,swamp ophelia,2.0,1994.0
2090,michael jackson,unbreakable,invincible,1.0,2001.0
1439,itayp&uacute;,candombe para jos&eacute;,folklore latinamericano vol. ii,,
1588,jewel,little sister,pieces of you,3.0,1995.0
208,aretha franklin,respect,i never loved a man the way i love you,1.0,1967.0
147,aquabats,hot sumer nights (won't last forever)!,charge!!,8.0,2005.0
671,coldplay,talk,x&amp;y,5.0,2005.0
2338,offenbach,can can,orpheus in the underworld,,
1843,les mis&eacute;rables,do you hear the people sing?,les mis&eacute;rables soundtrack,18.0,1995.0
1658,john mellencamp,johnny hart,trouble no more,3.0,2003.0
264,barenaked ladies,never do anything,maroon,2.0,2000.0
538,cake,frank sinatra,fashion nugget,1.0,1996.0
3630,wham,careless whisper,make it big,8.0,1984.0
246,barenaked ladies,adrift,are me,1.0,2006.0
1273,green day,i want to be on t.v.,shenanigans,7.0,2002.0
487,britney spears,oops! i did it again,oops! i did it again,1.0,2000.0
374,ben folds five,battle of who could care less (clean),whatever and ever amen,10.0,2005.0
3100,they might be giants,particle man,flood,7.0,1990.0
1498,james horner,putting the pieces together,patriot games soundtrack,5.0,1992.0
3584,weird al yankovic,hardware store,poodle hat,2.0,2003.0
1234,goo goo dolls,can't let it go,let love in,8.0,2006.0
2397,phil collins,true colors,hits,2.0,1998.0
1697,journey,don't stop believing,escape,1.0,1981.0
1936,madonna,ray of light,ray of light,3.0,1998.0
2001,maroon 5,harder to breathe,songs about jane,1.0,2002.0
2331,northern voices,hello morning,faithful,10.0,1994.0
306,beach boys,california girls,summer days (and summer nights!!),7.0,1965.0
3547,weird al yankovic,(this song's just) six words long,even worse,3.0,1988.0
2452,ramones,i wanna be sedated,road to ruin,7.0,1978.0
3428,voice male,walking on sunshine,hooked,1.0,1999.0
628,children of eden,in whatever time we have,children of eden soundtrack,17.0,1998.0
69,alabama,how do you fall in love,for the record,3.0,1998.0
2204,mr. big,wild world,bump ahead,5.0,1993.0
394,bill medley and jennifer warnes,(i've had) the time of my life,dirty dancing soundtrack,1.0,1987.0
151,aquabats,waterslides!,charge!!,12.0,2005.0
2921,tchaikovsky,piano concerto no. 1 op. 23 iii,,,
3315,train,drops of jupiter,drops of jupiter,3.0,2001.0
1807,leroy anderson,sleigh ride,,,1946.0
1444,j. geils band,love stinks,love stinks,6.0,1980.0
2309,norah jones,those sweet words,feels like home,3.0,2004.0
247,barenaked ladies,bank job,are me,2.0,2006.0
1930,madonna,borderline,madonna,2.0,1983.0
1265,green day,poprocks &amp; coke,international superhits!,2.0,2001.0
3270,toad the wet sprocket,all i want,fear,10.0,1991.0
1394,incubus,drive,make yourself,8.0,1999.0
1593,jewel,adrian,pieces of you,8.0,1995.0
240,bangles,walk like an egyptian,different light,4.0,1986.0
2091,michael jackson,invincible,invincible,3.0,2001.0
2976,the simpsons,happy birthday mr. smithers,go simpsonic with the simpsons,53.0,1999.0
2223,n sync,this i promise you,no strings attached,6.0,2000.0
1569,jewel,goodbye alice in wonderland,goodbye alice in wonderland,3.0,2006.0
295,barenaked ladies,long way back home,stunt,15.0,1998.0
2386,peter gabriel,in your eyes,so,5.0,1986.0
67,aerosmith,sweet emotion,toys in the attic,6.0,1975.0
110,amy grant,that's what love is for,heart in motion,4.0,1991.0
695,collective soul,bleed,collective soul,11.0,1995.0
932,dead or alive,you spin me 'round (like a record),youthquake,1.0,1985.0
307,beach boys,surfer girl,surfer girl,1.0,1963.0
1723,kenneth cope,brothers,my servant joseph,9.0,1993.0
1920,madonna,take a bow,bedtime stories,11.0,1994.0
2132,michael mclean,what i need,the forgotten carols,11.0,1991.0
2796,smashing pumpkins,thru the eyes of ruby,mellon collie and the infinite sadness - twilight to starlight,7.0,1995.0
2450,ramiele malubay,in my life,,,2008.0
1715,kenneth cope,thy kingdom come,my servant joseph,1.0,1993.0
900,david barrus,bring him home,on stage,8.0,1997.0
2333,notre dame school,organum haec dies,,,
1742,killers,somebody told me,hot fuss,4.0,2004.0
1834,les mis&eacute;rables,the bargain - waltz of treachery,les mis&eacute;rables soundtrack,14.0,1995.0
2997,the simpsons,end credits (australian version),songs in the key of springfield,16.0,1997.0
3335,u2,wild honey,all that you can't leave behind,7.0,2000.0
3095,they might be giants,birdhouse in your soul,flood,2.0,1990.0
2595,sarah mclachlan,angel,surfacing,7.0,1997.0
43,ace of base,the sign,the sign,4.0,1993.0
2294,norah jones,seven years,come away with me,2.0,2002.0
3354,u2,original of the species,how to dismantle an atomic bomb,10.0,2004.0
3463,weezer,death and destruction,maladroit,5.0,2002.0
635,chopin,military polonaise op. 40 no. 1,,,
231,backstreet boys,show me the meaning of being lonely,millenium,3.0,1999.0
611,celia cruz,la vida es un carnaval,,,
396,billy joel,big shot,52nd street,1.0,1978.0
2176,modest mouse,this devil's workday,good news for people who love bad news,9.0,2004.0
992,doors,break on through (to the other side),the doors,1.0,1967.0
669,coldplay,we never change,parachutes,9.0,2000.0
3346,u2,miracle drug,how to dismantle an atomic bomb,2.0,2004.0
3473,weezer,getchoo,pinkerton,2.0,1996.0
950,def leppard,let's get rocked,adrenalize,1.0,1992.0
3157,they might be giants,i've got a fang,mink car,6.0,2001.0
3588,weird al yankovic,wanna b ur lovr,poodle hat,6.0,2003.0
185,aquabats,the story of nothing!,the fury of the aquabats,6.0,1997.0
1152,forever plaid,heart and soul,forever plaid soundtrack,11.0,1990.0
467,bowling for soup,1985,a hangover you don't deserve,3.0,2004.0
2641,shakira,d&oacute;nde est&aacute;s coraz&oacute;n,pies descalzos,10.0,1996.0
743,counting crows,butterfly in reverse,hard candy,6.0,2002.0
714,collin raye,little red rodeo,direct hits,13.0,1997.0
1835,les mis&eacute;rables,javert's suicide,les mis&eacute;rables soundtrack,14.0,1995.0
3192,they might be giants,xtc vs. adam ant,severe tire damage,7.0,2006.0
991,doobie brothers,listen to the music,toulouse street,1.0,1972.0
2201,mozart,twinkle twinkle little star,,,
730,counting crows,perfect blue buildings,august and everything after,4.0,1993.0
1863,linkin park,shadow of the day,minutes to midnight,5.0,2007.0
707,collective soul,reach,hints allegations and things left unsaid,9.0,1994.0
1956,man&aacute;,te llor&eacute; un r&iacute;o,donde jugaran los ni&ntilde;os?,9.0,1992.0
945,deep blue something,the kandinsky prince,home,8.0,1995.0
3026,the simpsons,the simpsons end credits,testify,6.0,2007.0
2120,michael mclean,the gift we could not give each other,the collection volume 1,15.0,
916,david cook,i'm alive,,,2008.0
3051,the simpsons,springfield blows,testify,31.0,2007.0
3309,tracy chapman,give me one reason,new beginning,9.0,1995.0
1772,kool and the gang,celebration,celebrate!,1.0,1980.0
3437,wallflowers,invisible city,bringing down the horse,6.0,1996.0
3502,weezer,glorious day,weezer (2001),9.0,2001.0
796,cranberries,daffodil lament,no need to argue,12.0,1994.0
1823,les mis&eacute;rables,first attack,les mis&eacute;rables soundtrack,8.0,1995.0
1638,joan osborne,st. teresa,relish,1.0,1995.0
1407,indigo girls,strange fire,strange fire,1.0,1989.0
2041,metallica,broken beat and scarred,death magnetic,3.0,2008.0
2928,the simpsons,lisa's sax (medley),go simpsonic with the simpsons,2.0,1999.0
28,abba,dancing queen,arrival,2.0,1976.0
902,david barrus,the phantom of the opera,on stage,11.0,1997.0
2998,the simpsons,end credits (hill street blues homage),songs in the key of springfield,17.0,1997.0
683,collective soul,over tokyo,blender,10.0,2000.0
2028,mc hammer,u can't touch this,please hammer don't hurt 'em,2.0,1990.0
2761,simple plan,untitled (how can this happen to me),still not getting any...,11.0,2004.0
1153,forever plaid,lady of spain,forever plaid soundtrack,12.0,1990.0
2287,no doubt,it's my life,the singles 1992-2003,2.0,2003.0
1205,glenn frey,you belong to the city,miami vice soundtrack,4.0,1985.0
1817,les mis&eacute;rables,javert's arrival - little people,les mis&eacute;rables soundtrack,5.0,1995.0
2852,squirrel nut zippers,fat cat keeps getting fatter,perennial favorites,5.0,1998.0
3616,weird al yankovic,do i creep you out,straight outta lynwood,10.0,2006.0
3565,weird al yankovic,that boy could dance,in 3-d,9.0,1984.0
2908,syesha mercado,if i was your woman,,,2008.0
1121,fastball,out of my head,all the pain money can buy,10.0,1998.0
2854,squirrel nut zippers,my drag,perennial favorites,7.0,1998.0
1969,man&aacute;,hechicera,sue&ntilde;os liquidos,1.0,1997.0
919,david cook,always be my baby,,,2008.0
2642,shakira,ciega sordomuda,&iquest;d&oacute;nde est&aacute;n los ladrones?,1.0,1998.0
367,ben folds five,brick,whatever and ever amen,3.0,2005.0
1256,green day,wake me up when september ends,american idiot,11.0,2004.0
1406,indigo girls,get out the map,shaming of the sun,2.0,1997.0
2064,metallica,memory remains,reload,2.0,1997.0
3137,they might be giants,cage &amp; aquarium,lincoln,5.0,1993.0
1257,green day,homecoming (clean),american idiot,12.0,2004.0
624,chicago,look away,chicago 19,6.0,1988.0
548,cake,nugget,fashion nugget,11.0,1996.0
732,counting crows,time and time again,august and everything after,6.0,1993.0
53,aerosmith,livin' on the edge,get a grip,5.0,1993.0
2784,smashing pumpkins,love,mellon collie and the infinite sadness - dawn to dusk,9.0,1995.0
1625,jewel,the new wild west,this way,12.0,2001.0
2746,sheryl crow,where has all the love gone,wildflower,11.0,2005.0
2520,rem,imitation of life,reveal,8.0,2001.0
3006,the simpsons,homer's barbershop quartet,songs in the key of springfield,25.0,1997.0
3579,weird al yankovic,living with a hernia,polka party!,1.0,1986.0
2444,r. kelly and celine dion,i'm your angel,these are special times,14.0,1998.0
2874,sting,desert rose,brand new day,2.0,1999.0
1067,enya,the celts,paint the sky with stars:  the best of enya,6.0,1997.0
3222,they might be giants,don't let's start,they might be giants,4.0,1986.0
3501,weezer,simple pages,weezer (2001),8.0,2001.0
2654,shania twain,when,come on over,7.0,1997.0
2758,simple minds,don't you (forget about me),the breakfast club soundtrack,1.0,1985.0
1759,killers,this river is wild,sam's town,10.0,2006.0
2221,n sync,bye bye bye,no strings attached,1.0,2000.0
626,chikezie,i've just seen a face,,,2008.0
3441,wallflowers,angel on my bike,bringing down the horse,10.0,1996.0
29,abba,knowing me knowing you,arrival,5.0,1976.0
1615,jewel,jesus loves you,this way,2.0,2001.0
2383,pet shop boys,go west,very,12.0,1993.0
3265,tim mcgraw,don't take the girl,not a moment too soon,8.0,1994.0
275,barenaked ladies,hidden sun,maroon,13.0,2000.0
138,annie lennox,walking on broken glass,diva,2.0,1992.0
1645,john lennon,instant karma (we all shine on),instant karma (we all shine on),1.0,1970.0
3105,they might be giants,minimum wage,flood,12.0,1990.0
19,311,transistor,transistor,1.0,1997.0
1079,erasure,a little respect,the innocents,1.0,1988.0
3060,the simpsons,dancing workers' song (unaired bonus track),testify,40.0,2007.0
352,ben folds,annie waits,rockin' the suburbs,1.0,2001.0
2155,moby,bodyrock,play,7.0,1999.0
2374,pearl jam,last kiss,no boundaries: a benefit for the kosovar refugees,1.0,1998.0
2246,natalie merchant,the letter,tigerlily,7.0,1995.0
978,dixie chicks,ready to run,fly,1.0,1999.0
74,alanis morissette,all i really want,jagged little pill,1.0,1995.0
1339,hootie and the blowfish,tootie,fairweather johnson,13.0,1996.0
3165,they might be giants,wicked little critta,mink car,14.0,2001.0
2941,the simpsons,the itchy &amp; scratchy &amp; poochie show theme,go simpsonic with the simpsons,15.0,1999.0
149,aquabats,mechanical ape!,charge!!,10.0,2005.0
898,david barrus,the curse,on stage,4.0,1997.0
501,bruce springsteen,streets of philadelphia,philadelphia soundtrack,1.0,1993.0
2782,smashing pumpkins,to forgive,mellon collie and the infinite sadness - dawn to dusk,7.0,1995.0
2358,our lady peace,somewhere out there,gravity,3.0,2002.0
864,dave matthews band,the space between,everyday,3.0,2001.0
2891,sugar ray,falls apart,14:59,3.0,1999.0
3211,they might be giants,museum of idiots,the spine,9.0,2004.0
3066,they might be giants,mammal,apollo 18,5.0,1992.0
412,billy joel,the downeaster alexa,storm front,3.0,1989.0
452,bob seger,old time rock and roll,stranger in town,3.0,1978.0
115,amy grant,house of love,house of love,4.0,1994.0
504,bryan adams,please forgive me,so far so good,14.0,1993.0
2554,romantics,what i like about you,the romantics,6.0,1980.0
1221,goo goo dolls,sympathy,gutterflower,8.0,2002.0
884,david archuleta,another day in paradise,,,2008.0
920,david cook,straight ahead,analog heart,1.0,2006.0
1919,madonna,beautiful stranger,austin powers: the spy who shagged me soundtrack,1.0,1999.0
1777,kristy lee cook,forever,,,2008.0
1889,little texas,what might have been,big time,2.0,1993.0
496,brooke white,let it be,,,2008.0
12,3 doors down,sarah yellin',away from the sun,11.0,2002.0
827,dashboard confessional,am i missing,a mark a mission a brand a scar,7.0,2003.0
1673,john williams,star wars theme,star wars soundtrack,2.0,1977.0
46,adam sandler,grow old with you,the wedding singer volume 2,12.0,1998.0
2637,shakira,estoy aqu&iacute;,pies descalzos,1.0,1996.0
2628,shakira,la tortura,fijaci&oacute;n oral vol. 1,3.0,2005.0
1438,itayp&uacute;,manantial,folklore latinamericano vol. ii,,
572,cake,she'll hang the baskets,pressure chief,8.0,2004.0
2226,natalie imbruglia,torn,left of the middle,1.0,1997.0
949,deep blue something,wouldn't change a thing,home,12.0,1995.0
3283,tony rich project,nobody knows,words,2.0,1996.0
841,daughtry,home,daughtry,3.0,2006.0
3469,weezer,possibilities,maladroit,11.0,2002.0
1276,green day,sick of me,shenanigans,10.0,2002.0
3200,they might be giants,meet james ensor,severe tire damage,15.0,2006.0
2574,santana &amp; chad kroeger,into the night,ultimate santana,1.0,2007.0
3505,weezer,the greatest man that ever lived (variations on a shaker hymn),weezer (2008),2.0,2008.0
2769,smash mouth,can't get enough of you baby,astro lounge,15.0,1999.0
220,avril lavigne,don't tell me,under my skin,3.0,2004.0
1432,itayp&uacute;,encuentros,folklore latinamericano vol. ii,,
2800,smashing pumpkins,beautiful,mellon collie and the infinite sadness - twilight to starlight,11.0,1995.0
1338,hootie and the blowfish,fool,fairweather johnson,12.0,1996.0
3111,they might be giants,they might be giants,flood,18.0,1990.0
2295,norah jones,cold cold heart,come away with me,3.0,2002.0
915,david cook,eleanor rigby,,,2008.0
2577,sarah mclachlan,building a mystery,mirrorball,1.0,1999.0
536,cake,pretty pink ribbon,comfort eagle,10.0,2001.0
1787,la ley,el duelo,mtv unplugged (la ley),8.0,2000.0
2664,shania twain,(if you're not in it for love) i'm outta here!,the woman in me,4.0,1995.0
1680,johnny mathis,it's beginning to look a lot like christmas,,,
2517,rem,bang and blame,monster,8.0,1994.0
2299,norah jones,turn me on,come away with me,7.0,2002.0
752,counting crows,go to town,mr. deeds soundtrack,12.0,2002.0
1536,jars of clay,flood,jars of clay,8.0,1995.0
2591,sarah mclachlan,building a mystery (clean),surfacing,1.0,1997.0
1922,madonna,die another day,die another day soundtrack,1.0,2002.0
3528,weird al yankovic,cavity search,bad hair day,3.0,1996.0
2428,prince,7,love symbol,7.0,1992.0
1252,green day,give me novacaine,american idiot,7.0,2004.0
