A3131 - Expenditure Over Threshold,Unnamed: 1,Unnamed: 2,Unnamed: 3,Unnamed: 4,Unnamed: 5,Unnamed: 6,Unnamed: 7,Unnamed: 8,Unnamed: 9
Department family,Entity,Date,Expense Type,Expense area,Supplier,Transaction number,AP Amount (Â£),VAT registration number,Purchase invoice number
Department of Health,NHS East & North Hertfordshire CCG,31/07/2018,C&M-APMS Contract Value,PRC DELEGATED CO-COMMISSIONING,12 POINT CARE LTD,22948237,"(64,628.29)",,HT000036642
Department of Health,NHS East & North Hertfordshire CCG,31/07/2018,C&M-PMS GP Statutory Levy,PRC DELEGATED CO-COMMISSIONING,12 POINT CARE LTD,22948237,(568.26),,HT000036642
Department of Health,NHS East & North Hertfordshire CCG,31/07/2018,C&M-PMS Voluntary Levy,PRC DELEGATED CO-COMMISSIONING,12 POINT CARE LTD,22948237,(64.58),,HT000036642
Department of Health,NHS East & North Hertfordshire CCG,31/07/2018,C&M-APMS Contract Value,PRC DELEGATED CO-COMMISSIONING,12 POINT CARE LTD,22978964,"133,081.16 ",,HT000036643
Department of Health,NHS East & North Hertfordshire CCG,31/07/2018,ME - PMS GP Prior Year ERs,PRC DELEGATED CO-COMMISSIONING,12 POINT CARE LTD,22978964,"3,831.67 ",,HT000036643
Department of Health,NHS East & North Hertfordshire CCG,31/07/2018,ME-PMS GP Pension EEs Adjs - PMS,PRC DELEGATED CO-COMMISSIONING,12 POINT CARE LTD,22978964,802.23 ,,HT000036643
Department of Health,NHS East & North Hertfordshire CCG,31/07/2018,ME-PMS GP Pension ERs Adjs - PMS,PRC DELEGATED CO-COMMISSIONING,12 POINT CARE LTD,22978964,"1,240.47 ",,HT000036643
Department of Health,NHS East & North Hertfordshire CCG,31/07/2018,ME-PMS GP Prior Year EEs,PRC DELEGATED CO-COMMISSIONING,12 POINT CARE LTD,22978964,"2,870.61 ",,HT000036643
Department of Health,NHS East & North Hertfordshire CCG,31/07/2018,Computer Hardware Purch,PRIMARY CARE IT,3C TECHNOLOGY LTD,22974387,"30,324.00 ",594608601,223338
Department of Health,NHS East & North Hertfordshire CCG,31/07/2018,C&M-GMS Global Sum,PRC DELEGATED CO-COMMISSIONING,AMWELL STREET SURGERY,23181255,"80,681.92 ",,HT000036666
Department of Health,NHS East & North Hertfordshire CCG,31/07/2018,C&M-GMS MPIG Correction Factor,PRC DELEGATED CO-COMMISSIONING,AMWELL STREET SURGERY,23181255,"2,310.15 ",,HT000036666
Department of Health,NHS East & North Hertfordshire CCG,31/07/2018,C&M-GMS QOF Aspiration,PRC DELEGATED CO-COMMISSIONING,AMWELL STREET SURGERY,23181255,"8,946.15 ",,HT000036666
Department of Health,NHS East & North Hertfordshire CCG,31/07/2018,C&M-GMS DES Minor Surgery,PRC DELEGATED CO-COMMISSIONING,ASHWELL SURGERY,23181251,"1,226.32 ",879108291,HT000036662
Department of Health,NHS East & North Hertfordshire CCG,31/07/2018,C&M-GMS Global Sum,PRC DELEGATED CO-COMMISSIONING,ASHWELL SURGERY,23181251,"57,087.83 ",879108291,HT000036662
Department of Health,NHS East & North Hertfordshire CCG,31/07/2018,C&M-GMS MPIG Correction Factor,PRC DELEGATED CO-COMMISSIONING,ASHWELL SURGERY,23181251,"1,150.80 ",879108291,HT000036662
Department of Health,NHS East & North Hertfordshire CCG,31/07/2018,C&M-GMS Prem Notional Rent,PRC DELEGATED CO-COMMISSIONING,ASHWELL SURGERY,23181251,"7,747.50 ",879108291,HT000036662
Department of Health,NHS East & North Hertfordshire CCG,31/07/2018,C&M-GMS Prem Rates,PRC DELEGATED CO-COMMISSIONING,ASHWELL SURGERY,23181251,"1,708.41 ",879108291,HT000036662
Department of Health,NHS East & North Hertfordshire CCG,31/07/2018,C&M-GMS QOF Aspiration,PRC DELEGATED CO-COMMISSIONING,ASHWELL SURGERY,23181251,"4,794.78 ",879108291,HT000036662
Department of Health,NHS East & North Hertfordshire CCG,31/07/2018,C&M-GMS Cost of Drugs -Dispensing,LOCAL ENHANCED SERVICES,ASHWELL SURGERY,23203449,"(27,921.97)",879108291,HT000036984
Department of Health,NHS East & North Hertfordshire CCG,31/07/2018,C&M-GMS PrscChrgsCll&RmttdbyGPCntra,PRC DELEGATED CO-COMMISSIONING,ASHWELL SURGERY,23203449,"(2,076.80)",879108291,HT000036984
Department of Health,NHS East & North Hertfordshire CCG,31/07/2018,C&M-GMS Cost of Drugs -Dispensing,LOCAL ENHANCED SERVICES,ASHWELL SURGERY,23203450,"54,361.78 ",879108291,HT000036985
Department of Health,NHS East & North Hertfordshire CCG,31/07/2018,C&M-GMS Prof Fees Dispensing,PRC DELEGATED CO-COMMISSIONING,ASHWELL SURGERY,23203450,"10,415.12 ",879108291,HT000036985
Department of Health,NHS East & North Hertfordshire CCG,31/07/2018,C&M-GMS PrscrptnChrgsColl&RmttdbyGP,LOCAL ENHANCED SERVICES,ASHWELL SURGERY,23203450,"2,076.80 ",879108291,HT000036985
Department of Health,NHS East & North Hertfordshire CCG,31/07/2018,Hcare Srv Rec NHS Trust-Contract Baseline,ACUTE COMMISSIONING,BARKING HAVERING AND REDBRIDGE HOSPITALS NHS TRUST,22891990,"100,484.00 ",,8450720
Department of Health,NHS East & North Hertfordshire CCG,31/07/2018,Hcare Srv Rec NHS Trust-Contract Baseline,ACUTE COMMISSIONING,BARTS HEALTH NHS TRUST,23063529,"276,778.60 ",,341145
Department of Health,NHS East & North Hertfordshire CCG,31/07/2018,Hcare Srv Rec Fdtn Trust-Contract Baseline,ACUTE COMMISSIONING,BASILDON & THURROCK UNIVERSITY HOSPITALS NHS FOUNDATION TRUST,22891966,"43,245.00 ",,0000096528
Department of Health,NHS East & North Hertfordshire CCG,31/07/2018,Hcare Srv Rec NHS Trust-Contract Baseline,ACUTE COMMISSIONING,BEDFORD HOSPITAL NHS TRUST,22880151,"28,628.29 ",,I0164647
Department of Health,NHS East & North Hertfordshire CCG,31/07/2018,C&M-GMS Global Sum,PRC DELEGATED CO-COMMISSIONING,BEDWELL MEDICAL CENTRE,23181253,"86,050.06 ",,HT000036664
Department of Health,NHS East & North Hertfordshire CCG,31/07/2018,C&M-GMS Prem Notional Rent,PRC DELEGATED CO-COMMISSIONING,BEDWELL MEDICAL CENTRE,23181253,"3,229.17 ",,HT000036664
Department of Health,NHS East & North Hertfordshire CCG,31/07/2018,C&M-GMS Prem Rates,PRC DELEGATED CO-COMMISSIONING,BEDWELL MEDICAL CENTRE,23181253,"2,042.89 ",,HT000036664
Department of Health,NHS East & North Hertfordshire CCG,31/07/2018,C&M-GMS Prem Water Rates,PRC DELEGATED CO-COMMISSIONING,BEDWELL MEDICAL CENTRE,23181253,75.37 ,,HT000036664
Department of Health,NHS East & North Hertfordshire CCG,31/07/2018,C&M-GMS QOF Aspiration,PRC DELEGATED CO-COMMISSIONING,BEDWELL MEDICAL CENTRE,23181253,"8,462.17 ",,HT000036664
Department of Health,NHS East & North Hertfordshire CCG,31/07/2018,C&M-GMS DES Minor Surgery,PRC DELEGATED CO-COMMISSIONING,BIRCHWOOD SURGERY,23181257,"1,795.43 ",,HT000036668
Department of Health,NHS East & North Hertfordshire CCG,31/07/2018,C&M-GMS Global Sum,PRC DELEGATED CO-COMMISSIONING,BIRCHWOOD SURGERY,23181257,"92,869.54 ",,HT000036668
Department of Health,NHS East & North Hertfordshire CCG,31/07/2018,C&M-GMS PCO Locum Adop/Pat/Mat,PRC DELEGATED CO-COMMISSIONING,BIRCHWOOD SURGERY,23181257,"7,006.08 ",,HT000036668
Department of Health,NHS East & North Hertfordshire CCG,31/07/2018,C&M-GMS QOF Aspiration,PRC DELEGATED CO-COMMISSIONING,BIRCHWOOD SURGERY,23181257,"11,389.28 ",,HT000036668
Department of Health,NHS East & North Hertfordshire CCG,31/07/2018,Clinical&Medical-Independent Sector - Prior Year,ACUTE COMMISSIONING,BMI HEALTHCARE COLLECTIONS,22930806,"109,071.71 ",,0000090889
Department of Health,NHS East & North Hertfordshire CCG,31/07/2018,Clinical&Medical-Independent Sector,ACUTE COMMISSIONING,BMI HEALTHCARE COLLECTIONS,22970053,"91,874.98 ",,0000093329
Department of Health,NHS East & North Hertfordshire CCG,31/07/2018,Clinical&Medical-Independent Sector,ACUTE COMMISSIONING,BMI HEALTHCARE COLLECTIONS,22970054,"107,041.78 ",,0000093328
Department of Health,NHS East & North Hertfordshire CCG,31/07/2018,Clinical&Medical-Independent Sector - Prior Year,ACUTE COMMISSIONING,BMI HEALTHCARE COLLECTIONS,23037136,"36,492.56 ",,0000090890
Department of Health,NHS East & North Hertfordshire CCG,31/07/2018,Clinical&Medical-Independent Sector,ACUTE COMMISSIONING,BMI HEALTHCARE COLLECTIONS,23193558,"80,489.07 ",,0000092408
Department of Health,NHS East & North Hertfordshire CCG,31/07/2018,Clinical&Medical-Independent Sector,ACUTE COMMISSIONING,BMI HEALTHCARE COLLECTIONS,23193708,"74,886.19 ",,0000093696
Department of Health,NHS East & North Hertfordshire CCG,31/07/2018,Clinical&Medical-Independent Sector,COLLABORATIVE COMMISSIONING,BOURN HALL CLINIC,23117353,"40,410.00 ",,16108
Department of Health,NHS East & North Hertfordshire CCG,31/07/2018,Clinical&Medical-Independent Sector,COLLABORATIVE COMMISSIONING,BOURN HALL CLINIC,23117354,"29,340.00 ",,16158
Department of Health,NHS East & North Hertfordshire CCG,31/07/2018,Clinical&Medical-Independent Sector,COLLABORATIVE COMMISSIONING,BOURN HALL CLINIC,23117364,"49,830.00 ",,16181
Department of Health,NHS East & North Hertfordshire CCG,31/07/2018,Clinical&Medical-Voluntary Sector,COMMUNITY SERVICES,BPAS,23171971,"29,559.08 ",855924881,38267
Department of Health,NHS East & North Hertfordshire CCG,31/07/2018,C&M-GMS DES Minor Surgery,PRC DELEGATED CO-COMMISSIONING,BRIDGE COTTAGE SURGERY,23181263,"2,145.75 ",,HT000036674
Department of Health,NHS East & North Hertfordshire CCG,31/07/2018,C&M-GMS Global Sum,PRC DELEGATED CO-COMMISSIONING,BRIDGE COTTAGE SURGERY,23181263,"112,011.44 ",,HT000036674
Department of Health,NHS East & North Hertfordshire CCG,31/07/2018,C&M-GMS Prem Notional Rent,PRC DELEGATED CO-COMMISSIONING,BRIDGE COTTAGE SURGERY,23181263,"9,508.33 ",,HT000036674
Department of Health,NHS East & North Hertfordshire CCG,31/07/2018,C&M-GMS Prem Rates,PRC DELEGATED CO-COMMISSIONING,BRIDGE COTTAGE SURGERY,23181263,"2,550.32 ",,HT000036674
Department of Health,NHS East & North Hertfordshire CCG,31/07/2018,C&M-GMS QOF Aspiration,PRC DELEGATED CO-COMMISSIONING,BRIDGE COTTAGE SURGERY,23181263,"11,166.13 ",,HT000036674
Department of Health,NHS East & North Hertfordshire CCG,31/07/2018,C&M-GMS DES Minor Surgery,PRC DELEGATED CO-COMMISSIONING,BUNTINGFORD MEDICAL CENTRE,23181259,"2,233.63 ",,HT000036670
Department of Health,NHS East & North Hertfordshire CCG,31/07/2018,C&M-GMS Global Sum,PRC DELEGATED CO-COMMISSIONING,BUNTINGFORD MEDICAL CENTRE,23181259,"50,442.31 ",,HT000036670
Department of Health,NHS East & North Hertfordshire CCG,31/07/2018,C&M-GMS Prem Actual Rent,PRC DELEGATED CO-COMMISSIONING,BUNTINGFORD MEDICAL CENTRE,23181259,"16,763.15 ",,HT000036670
Department of Health,NHS East & North Hertfordshire CCG,31/07/2018,C&M-GMS Prem Rates,PRC DELEGATED CO-COMMISSIONING,BUNTINGFORD MEDICAL CENTRE,23181259,817.07 ,,HT000036670
Department of Health,NHS East & North Hertfordshire CCG,31/07/2018,C&M-GMS Prem Water Rates,PRC DELEGATED CO-COMMISSIONING,BUNTINGFORD MEDICAL CENTRE,23181259,159.64 ,,HT000036670
Department of Health,NHS East & North Hertfordshire CCG,31/07/2018,C&M-GMS QOF Aspiration,PRC DELEGATED CO-COMMISSIONING,BUNTINGFORD MEDICAL CENTRE,23181259,"4,885.79 ",,HT000036670
Department of Health,NHS East & North Hertfordshire CCG,31/07/2018,C&M-GMS DES Minor Surgery,PRC DELEGATED CO-COMMISSIONING,BURVILL HOUSE SURGERY,23181261,481.71 ,,HT000036672
Department of Health,NHS East & North Hertfordshire CCG,31/07/2018,C&M-GMS Global Sum,PRC DELEGATED CO-COMMISSIONING,BURVILL HOUSE SURGERY,23181261,"69,465.16 ",,HT000036672
Department of Health,NHS East & North Hertfordshire CCG,31/07/2018,C&M-GMS Other FDR Payment,PRC DELEGATED CO-COMMISSIONING,BURVILL HOUSE SURGERY,23181261,"2,989.42 ",,HT000036672
Department of Health,NHS East & North Hertfordshire CCG,31/07/2018,C&M-GMS PCO Locum Sickness,PRC DELEGATED CO-COMMISSIONING,BURVILL HOUSE SURGERY,23181261,"3,995.32 ",,HT000036672
Department of Health,NHS East & North Hertfordshire CCG,31/07/2018,C&M-GMS Prem Actual Rent,PRC DELEGATED CO-COMMISSIONING,BURVILL HOUSE SURGERY,23181261,350.00 ,,HT000036672
Department of Health,NHS East & North Hertfordshire CCG,31/07/2018,C&M-GMS Prem Notional Rent,PRC DELEGATED CO-COMMISSIONING,BURVILL HOUSE SURGERY,23181261,"4,808.33 ",,HT000036672
Department of Health,NHS East & North Hertfordshire CCG,31/07/2018,C&M-GMS Prem Rates,PRC DELEGATED CO-COMMISSIONING,BURVILL HOUSE SURGERY,23181261,"1,283.96 ",,HT000036672
Department of Health,NHS East & North Hertfordshire CCG,31/07/2018,C&M-GMS QOF Aspiration,PRC DELEGATED CO-COMMISSIONING,BURVILL HOUSE SURGERY,23181261,"6,398.11 ",,HT000036672
Department of Health,NHS East & North Hertfordshire CCG,31/07/2018,ME - GMS GP Prior Year ERs,PRC DELEGATED CO-COMMISSIONING,BURVILL HOUSE SURGERY,23181261,"4,277.67 ",,HT000036672
Department of Health,NHS East & North Hertfordshire CCG,31/07/2018,ME-GMS GP Pension EEs Adjustments,PRC DELEGATED CO-COMMISSIONING,BURVILL HOUSE SURGERY,23181261,"2,547.83 ",,HT000036672
Department of Health,NHS East & North Hertfordshire CCG,31/07/2018,ME-GMS GP Pension ERs Adjustments,PRC DELEGATED CO-COMMISSIONING,BURVILL HOUSE SURGERY,23181261,"2,131.72 ",,HT000036672
Department of Health,NHS East & North Hertfordshire CCG,31/07/2018,ME-GMS GP Prior Year EEs,PRC DELEGATED CO-COMMISSIONING,BURVILL HOUSE SURGERY,23181261,"5,144.54 ",,HT000036672
Department of Health,NHS East & North Hertfordshire CCG,30/06/2018,Hcare Srv Rec Fdtn Trust-Contract Baseline,ACUTE COMMISSIONING,CAMBRIDGE UNIVERSITY HOSPITALS NHS FOUNDATION TRUST,22759024,"1,414,983.75 ",,70022137
Department of Health,NHS East & North Hertfordshire CCG,31/07/2018,Cont Care-Learning Disab(<65),CHC ADULT FULLY FUNDED,CANDOUR CARE SERVICES,22970110,"32,351.25 ",,474
Department of Health,NHS East & North Hertfordshire CCG,31/07/2018,Miscellaneous Expenditure (L9),LOCAL ENHANCED SERVICES,CANTERBURY WAY SURGERY,22880152,"35,852.85 ",,SR5181
Department of Health,NHS East & North Hertfordshire CCG,31/07/2018,Cont Care-Physical Disab (<65),CHC ADULT FULLY FUNDED,CAREBRIDGE STAFFING LTD,23128270,"34,500.00 ",,MB76454062018
Department of Health,NHS East & North Hertfordshire CCG,31/07/2018,Cont Care-Physical Disab (<65),CHC ADULT FULLY FUNDED,CAREBRIDGE STAFFING LTD,23215442,"25,220.00 ",,MB76454052018
Department of Health,NHS East & North Hertfordshire CCG,31/07/2018,C&M-GMS DES Minor Surgery,PRC DELEGATED CO-COMMISSIONING,CASTLEGATE SURGERY HERTFORD,23181270,"2,452.60 ",,HT000036682
Department of Health,NHS East & North Hertfordshire CCG,31/07/2018,C&M-GMS Global Sum,PRC DELEGATED CO-COMMISSIONING,CASTLEGATE SURGERY HERTFORD,23181270,"50,059.79 ",,HT000036682
Department of Health,NHS East & North Hertfordshire CCG,31/07/2018,C&M-GMS MPIG Correction Factor,PRC DELEGATED CO-COMMISSIONING,CASTLEGATE SURGERY HERTFORD,23181270,107.76 ,,HT000036682
Department of Health,NHS East & North Hertfordshire CCG,31/07/2018,C&M-GMS PCO Doctors Ret Scheme,PRC DELEGATED CO-COMMISSIONING,CASTLEGATE SURGERY HERTFORD,23181270,615.40 ,,HT000036682
Department of Health,NHS East & North Hertfordshire CCG,31/07/2018,C&M-GMS Prem Rates,PRC DELEGATED CO-COMMISSIONING,CASTLEGATE SURGERY HERTFORD,23181270,"1,164.41 ",,HT000036682
Department of Health,NHS East & North Hertfordshire CCG,31/07/2018,C&M-GMS QOF Aspiration,PRC DELEGATED CO-COMMISSIONING,CASTLEGATE SURGERY HERTFORD,23181270,"4,522.97 ",,HT000036682
Department of Health,NHS East & North Hertfordshire CCG,31/07/2018,C&M-GMS DES Minor Surgery,PRC DELEGATED CO-COMMISSIONING,CHELLS WAY SURGERY,23181265,"1,532.65 ",,HT000036676
Department of Health,NHS East & North Hertfordshire CCG,31/07/2018,C&M-GMS Global Sum,PRC DELEGATED CO-COMMISSIONING,CHELLS WAY SURGERY,23181265,"94,865.82 ",,HT000036676
Department of Health,NHS East & North Hertfordshire CCG,31/07/2018,C&M-GMS MPIG Correction Factor,PRC DELEGATED CO-COMMISSIONING,CHELLS WAY SURGERY,23181265,303.89 ,,HT000036676
Department of Health,NHS East & North Hertfordshire CCG,31/07/2018,C&M-GMS Prem Rates,PRC DELEGATED CO-COMMISSIONING,CHELLS WAY SURGERY,23181265,"1,092.26 ",,HT000036676
Department of Health,NHS East & North Hertfordshire CCG,31/07/2018,C&M-GMS QOF Aspiration,PRC DELEGATED CO-COMMISSIONING,CHELLS WAY SURGERY,23181265,"8,893.85 ",,HT000036676
Department of Health,NHS East & North Hertfordshire CCG,31/07/2018,Hcare Srv Rec Fdtn Trust-Contract Baseline,ACUTE COMMISSIONING,CHELSEA AND WESTMINSTER HOSPITAL NHS FOUNDATION TRUST,22892003,"28,536.17 ",654915415,N0023624
Department of Health,NHS East & North Hertfordshire CCG,31/07/2018,C&M-GMS DES Minor Surgery,PRC DELEGATED CO-COMMISSIONING,CHURCH STREET SURGERY BISHOPS STORT,23181267,"1,927.00 ",,HT000036678
Department of Health,NHS East & North Hertfordshire CCG,31/07/2018,C&M-GMS Global Sum,PRC DELEGATED CO-COMMISSIONING,CHURCH STREET SURGERY BISHOPS STORT,23181267,"96,862.11 ",,HT000036678
Department of Health,NHS East & North Hertfordshire CCG,31/07/2018,C&M-GMS MPIG Correction Factor,PRC DELEGATED CO-COMMISSIONING,CHURCH STREET SURGERY BISHOPS STORT,23181267,637.65 ,,HT000036678
Department of Health,NHS East & North Hertfordshire CCG,31/07/2018,C&M-GMS PCO Other,PRC DELEGATED CO-COMMISSIONING,CHURCH STREET SURGERY BISHOPS STORT,23181267,"9,946.00 ",,HT000036678
Department of Health,NHS East & North Hertfordshire CCG,31/07/2018,C&M-GMS Prem Actual Rent,PRC DELEGATED CO-COMMISSIONING,CHURCH STREET SURGERY BISHOPS STORT,23181267,"11,475.00 ",,HT000036678
Department of Health,NHS East & North Hertfordshire CCG,31/07/2018,C&M-GMS Prem Cost Rent,PRC DELEGATED CO-COMMISSIONING,CHURCH STREET SURGERY BISHOPS STORT,23181267,"6,936.58 ",,HT000036678
Department of Health,NHS East & North Hertfordshire CCG,31/07/2018,C&M-GMS Prem Rates,PRC DELEGATED CO-COMMISSIONING,CHURCH STREET SURGERY BISHOPS STORT,23181267,"1,575.20 ",,HT000036678
Department of Health,NHS East & North Hertfordshire CCG,31/07/2018,C&M-GMS QOF Aspiration,PRC DELEGATED CO-COMMISSIONING,CHURCH STREET SURGERY BISHOPS STORT,23181267,"9,240.80 ",,HT000036678
Department of Health,NHS East & North Hertfordshire CCG,31/07/2018,C&M-GMS DES Minor Surgery,PRC DELEGATED CO-COMMISSIONING,CHURCH STREET SURGERY WARE,23181269,"1,269.91 ",,HT000036680
Department of Health,NHS East & North Hertfordshire CCG,31/07/2018,C&M-GMS Global Sum,PRC DELEGATED CO-COMMISSIONING,CHURCH STREET SURGERY WARE,23181269,"59,562.67 ",,HT000036680
Department of Health,NHS East & North Hertfordshire CCG,31/07/2018,C&M-GMS MPIG Correction Factor,PRC DELEGATED CO-COMMISSIONING,CHURCH STREET SURGERY WARE,23181269,841.90 ,,HT000036680
Department of Health,NHS East & North Hertfordshire CCG,31/07/2018,C&M-GMS Prem Notional Rent,PRC DELEGATED CO-COMMISSIONING,CHURCH STREET SURGERY WARE,23181269,"6,129.17 ",,HT000036680
Department of Health,NHS East & North Hertfordshire CCG,31/07/2018,C&M-GMS Prem Rates,PRC DELEGATED CO-COMMISSIONING,CHURCH STREET SURGERY WARE,23181269,"2,208.00 ",,HT000036680
Department of Health,NHS East & North Hertfordshire CCG,31/07/2018,C&M-GMS QOF Aspiration,PRC DELEGATED CO-COMMISSIONING,CHURCH STREET SURGERY WARE,23181269,"6,780.75 ",,HT000036680
Department of Health,NHS East & North Hertfordshire CCG,31/07/2018,ME-GMS GP Pension EEs Adjustments,PRC DELEGATED CO-COMMISSIONING,CHURCH STREET SURGERY WARE,23181269,"1,446.46 ",,HT000036680
Department of Health,NHS East & North Hertfordshire CCG,31/07/2018,ME-GMS GP Prior Year EEs,PRC DELEGATED CO-COMMISSIONING,CHURCH STREET SURGERY WARE,23181269,959.42 ,,HT000036680
Department of Health,NHS East & North Hertfordshire CCG,31/07/2018,Hcare Srv Rec Fdtn Trust-Non Contract,COMMUNITY SERVICES,COLCHESTER HOSPITAL UNIVERSITY NHS FOUNDATION TRUST,23008071,204.76 ,654921325,2000043174
Department of Health,NHS East & North Hertfordshire CCG,31/07/2018,Hcare Srv Rec Fdtn Trust-Non Contract,NCAS/OATS,COLCHESTER HOSPITAL UNIVERSITY NHS FOUNDATION TRUST,23008071,"30,222.79 ",654921325,2000043174
Department of Health,NHS East & North Hertfordshire CCG,31/07/2018,C&M-GMS DES Minor Surgery,PRC DELEGATED CO-COMMISSIONING,COURTENAY HOUSE SURGERY,23181272,"7,270.06 ",,HT000036684
Department of Health,NHS East & North Hertfordshire CCG,31/07/2018,C&M-GMS Global Sum,PRC DELEGATED CO-COMMISSIONING,COURTENAY HOUSE SURGERY,23181272,"46,368.73 ",,HT000036684
Department of Health,NHS East & North Hertfordshire CCG,31/07/2018,C&M-GMS MPIG Correction Factor,PRC DELEGATED CO-COMMISSIONING,COURTENAY HOUSE SURGERY,23181272,239.37 ,,HT000036684
Department of Health,NHS East & North Hertfordshire CCG,31/07/2018,C&M-GMS Prem Rates,PRC DELEGATED CO-COMMISSIONING,COURTENAY HOUSE SURGERY,23181272,"2,908.70 ",,HT000036684
Department of Health,NHS East & North Hertfordshire CCG,31/07/2018,C&M-GMS Prem Water Rates,PRC DELEGATED CO-COMMISSIONING,COURTENAY HOUSE SURGERY,23181272,161.55 ,,HT000036684
Department of Health,NHS East & North Hertfordshire CCG,31/07/2018,C&M-GMS QOF Aspiration,PRC DELEGATED CO-COMMISSIONING,COURTENAY HOUSE SURGERY,23181272,"4,186.55 ",,HT000036684
Department of Health,NHS East & North Hertfordshire CCG,31/07/2018,C&M-GMS DES Minor Surgery,PRC DELEGATED CO-COMMISSIONING,CROMWELL MEDICAL CENTRE,23203335,481.69 ,,HT000036686
Department of Health,NHS East & North Hertfordshire CCG,31/07/2018,C&M-GMS Global Sum,PRC DELEGATED CO-COMMISSIONING,CROMWELL MEDICAL CENTRE,23203335,"51,012.36 ",,HT000036686
Department of Health,NHS East & North Hertfordshire CCG,31/07/2018,C&M-GMS Prem Notional Rent,PRC DELEGATED CO-COMMISSIONING,CROMWELL MEDICAL CENTRE,23203335,"5,150.00 ",,HT000036686
Department of Health,NHS East & North Hertfordshire CCG,31/07/2018,C&M-GMS Prem Rates,PRC DELEGATED CO-COMMISSIONING,CROMWELL MEDICAL CENTRE,23203335,"2,028.05 ",,HT000036686
Department of Health,NHS East & North Hertfordshire CCG,31/07/2018,C&M-GMS QOF Aspiration,PRC DELEGATED CO-COMMISSIONING,CROMWELL MEDICAL CENTRE,23203335,"5,396.90 ",,HT000036686
Department of Health,NHS East & North Hertfordshire CCG,31/07/2018,ME - GMS GP Prior Year ERs,PRC DELEGATED CO-COMMISSIONING,CROMWELL MEDICAL CENTRE,23203335,853.14 ,,HT000036686
Department of Health,NHS East & North Hertfordshire CCG,31/07/2018,ME-GMS GP Pension EEs Adjustments,PRC DELEGATED CO-COMMISSIONING,CROMWELL MEDICAL CENTRE,23203335,"1,596.61 ",,HT000036686
Department of Health,NHS East & North Hertfordshire CCG,31/07/2018,ME-GMS GP Pension ERs Adjustments,PRC DELEGATED CO-COMMISSIONING,CROMWELL MEDICAL CENTRE,23203335,"1,763.87 ",,HT000036686
Department of Health,NHS East & North Hertfordshire CCG,31/07/2018,ME-GMS GP Prior Year EEs,PRC DELEGATED CO-COMMISSIONING,CROMWELL MEDICAL CENTRE,23203335,741.60 ,,HT000036686
Department of Health,NHS East & North Hertfordshire CCG,31/07/2018,C&M-GMS DES Minor Surgery,PRC DELEGATED CO-COMMISSIONING,CUFFLEY & GOFFS OAK MEDICAL PRACTICE,23181275,"1,182.43 ",,HT000036688
Department of Health,NHS East & North Hertfordshire CCG,31/07/2018,C&M-GMS Global Sum,PRC DELEGATED CO-COMMISSIONING,CUFFLEY & GOFFS OAK MEDICAL PRACTICE,23181275,"86,007.99 ",,HT000036688
Department of Health,NHS East & North Hertfordshire CCG,31/07/2018,C&M-GMS PCO Doctors Ret Scheme,PRC DELEGATED CO-COMMISSIONING,CUFFLEY & GOFFS OAK MEDICAL PRACTICE,23181275,692.28 ,,HT000036688
Department of Health,NHS East & North Hertfordshire CCG,31/07/2018,C&M-GMS Prem Rates,PRC DELEGATED CO-COMMISSIONING,CUFFLEY & GOFFS OAK MEDICAL PRACTICE,23181275,"2,036.10 ",,HT000036688
Department of Health,NHS East & North Hertfordshire CCG,31/07/2018,C&M-GMS QOF Aspiration,PRC DELEGATED CO-COMMISSIONING,CUFFLEY & GOFFS OAK MEDICAL PRACTICE,23181275,"8,375.55 ",,HT000036688
Department of Health,NHS East & North Hertfordshire CCG,31/07/2018,ME - GMS GP Prior Year ERs,PRC DELEGATED CO-COMMISSIONING,CUFFLEY & GOFFS OAK MEDICAL PRACTICE,23181275,"2,364.40 ",,HT000036688
Department of Health,NHS East & North Hertfordshire CCG,31/07/2018,ME-GMS GP Prior Year EEs,PRC DELEGATED CO-COMMISSIONING,CUFFLEY & GOFFS OAK MEDICAL PRACTICE,23181275,"2,733.42 ",,HT000036688
Department of Health,NHS East & North Hertfordshire CCG,31/07/2018,Clinical&Medical-Independent Sector,INTERMEDIATE CARE,DOLPHIN HOUSE SURGERY,23021834,"26,071.48 ",,33JUNE2018
Department of Health,NHS East & North Hertfordshire CCG,31/07/2018,C&M-GMS Global Sum,PRC DELEGATED CO-COMMISSIONING,DOLPHIN HOUSE SURGERY,23181276,"88,826.92 ",,HT000036690
Department of Health,NHS East & North Hertfordshire CCG,31/07/2018,C&M-GMS MPIG Correction Factor,PRC DELEGATED CO-COMMISSIONING,DOLPHIN HOUSE SURGERY,23181276,"2,803.15 ",,HT000036690
Department of Health,NHS East & North Hertfordshire CCG,31/07/2018,C&M-GMS Prem Actual Rent,PRC DELEGATED CO-COMMISSIONING,DOLPHIN HOUSE SURGERY,23181276,"2,245.83 ",,HT000036690
Department of Health,NHS East & North Hertfordshire CCG,31/07/2018,C&M-GMS Prem Rates,PRC DELEGATED CO-COMMISSIONING,DOLPHIN HOUSE SURGERY,23181276,"3,732.00 ",,HT000036690
Department of Health,NHS East & North Hertfordshire CCG,31/07/2018,C&M-GMS QOF Aspiration,PRC DELEGATED CO-COMMISSIONING,DOLPHIN HOUSE SURGERY,23181276,"10,698.33 ",,HT000036690
Department of Health,NHS East & North Hertfordshire CCG,31/07/2018,ME - GMS GP Prior Year ERs,PRC DELEGATED CO-COMMISSIONING,DOLPHIN HOUSE SURGERY,23181276,"7,333.83 ",,HT000036690
Department of Health,NHS East & North Hertfordshire CCG,31/07/2018,ME-GMS GP Prior Year EEs,PRC DELEGATED CO-COMMISSIONING,DOLPHIN HOUSE SURGERY,23181276,"6,374.97 ",,HT000036690
Department of Health,NHS East & North Hertfordshire CCG,31/07/2018,C&M-GMS GP Statutory Levy,PRC DELEGATED CO-COMMISSIONING,DOLPHIN HOUSE SURGERY,23203336,"(1,549.79)",,HT000036689
Department of Health,NHS East & North Hertfordshire CCG,31/07/2018,C&M-GMS Voluntary Levy,PRC DELEGATED CO-COMMISSIONING,DOLPHIN HOUSE SURGERY,23203336,(176.11),,HT000036689
Department of Health,NHS East & North Hertfordshire CCG,31/07/2018,ME - GMS GP Prior Year ERs,PRC DELEGATED CO-COMMISSIONING,DOLPHIN HOUSE SURGERY,23203336,"(14,101.27)",,HT000036689
Department of Health,NHS East & North Hertfordshire CCG,31/07/2018,ME - GMS TPS Added Years Adj EEs,PRC DELEGATED CO-COMMISSIONING,DOLPHIN HOUSE SURGERY,23203336,(333.33),,HT000036689
Department of Health,NHS East & North Hertfordshire CCG,31/07/2018,ME-GMS GP Pension EEs,PRC DELEGATED CO-COMMISSIONING,DOLPHIN HOUSE SURGERY,23203336,"(11,021.52)",,HT000036689
Department of Health,NHS East & North Hertfordshire CCG,31/07/2018,ME-GMS GP Pension EEs Adjustments,PRC DELEGATED CO-COMMISSIONING,DOLPHIN HOUSE SURGERY,23203336,"(10,930.53)",,HT000036689
Department of Health,NHS East & North Hertfordshire CCG,31/07/2018,ME-GMS GP Pension ERs Adjustments,PRC DELEGATED CO-COMMISSIONING,DOLPHIN HOUSE SURGERY,23203336,"(17,852.65)",,HT000036689
Department of Health,NHS East & North Hertfordshire CCG,31/07/2018,ME-GMS GP Prior Year EEs,PRC DELEGATED CO-COMMISSIONING,DOLPHIN HOUSE SURGERY,23203336,"(12,282.56)",,HT000036689
Department of Health,NHS East & North Hertfordshire CCG,30/06/2018,Hcare Srv Rec NHS Trust-Contract Baseline,ACUTE COMMISSIONING,EAST AND NORTH HERTFORDSHIRE NHS TRUST,22728172,"18,241,780.91 ",,4153752
Department of Health,NHS East & North Hertfordshire CCG,31/07/2018,Hcare Srv Rec Fdtn Trust-Non Contract,NCAS/OATS,EAST KENT HOSPITALS UNIVERSITY NHS FOUNDATION TRUST,23256871,"36,769.00 ",,895624
Department of Health,NHS East & North Hertfordshire CCG,31/07/2018,Travel Booking Services,PATIENT TRANSPORT,EAST OF ENGLAND AMBULANCE SERVICE NHS TRUST,22890902,"233,181.00 ",,8109799
Department of Health,NHS East & North Hertfordshire CCG,31/07/2018,Hcare Srv Rec NHS Trust-Contract Baseline,AMBULANCE SERVICES,EAST OF ENGLAND AMBULANCE SERVICE NHS TRUST,22902554,"1,632,205.93 ",,8109782
Department of Health,NHS East & North Hertfordshire CCG,31/07/2018,Clinical&Medical-Independent Sector,LOCAL ENHANCED SERVICES,EPHEDRA HEALTHCARE LTD,23095855,"37,884.00 ",,EAJULY2018
Department of Health,NHS East & North Hertfordshire CCG,31/07/2018,Hcare Srv Rec Fdtn Trust-Contract Cost per Case,COMMUNITY SERVICES,ESSEX PARTNERSHIP UNIVERSITY NHS FT,23008349,"91,027.49 ",GB654974100,I0061458
Department of Health,NHS East & North Hertfordshire CCG,31/07/2018,Hcare Srv Rec Fdtn Trust-Contract Cost per Case,COMMUNITY SERVICES,ESSEX PARTNERSHIP UNIVERSITY NHS FT,23008385,"68,703.17 ",GB654974100,I0061560
Department of Health,NHS East & North Hertfordshire CCG,31/07/2018,C&M-GMS DES Minor Surgery,PRC DELEGATED CO-COMMISSIONING,GARDEN CITY PRACTICE,23181278,"8,014.91 ",,HT000036692
Department of Health,NHS East & North Hertfordshire CCG,31/07/2018,C&M-GMS Global Sum,PRC DELEGATED CO-COMMISSIONING,GARDEN CITY PRACTICE,23181278,"64,847.32 ",,HT000036692
Department of Health,NHS East & North Hertfordshire CCG,31/07/2018,C&M-GMS Other FDR Payment,PRC DELEGATED CO-COMMISSIONING,GARDEN CITY PRACTICE,23181278,"4,543.05 ",,HT000036692
Department of Health,NHS East & North Hertfordshire CCG,31/07/2018,C&M-GMS Prem Actual Rent,PRC DELEGATED CO-COMMISSIONING,GARDEN CITY PRACTICE,23181278,"2,020.83 ",,HT000036692
Department of Health,NHS East & North Hertfordshire CCG,31/07/2018,C&M-GMS Prem Notional Rent,PRC DELEGATED CO-COMMISSIONING,GARDEN CITY PRACTICE,23181278,"2,471.25 ",,HT000036692
Department of Health,NHS East & North Hertfordshire CCG,31/07/2018,C&M-GMS QOF Aspiration,PRC DELEGATED CO-COMMISSIONING,GARDEN CITY PRACTICE,23181278,"6,036.56 ",,HT000036692
Department of Health,NHS East & North Hertfordshire CCG,31/07/2018,C&M-GMS DES Minor Surgery,PRC DELEGATED CO-COMMISSIONING,GARDEN CITY SURGERY,23181280,43.79 ,,HT000036694
Department of Health,NHS East & North Hertfordshire CCG,31/07/2018,C&M-GMS Global Sum,PRC DELEGATED CO-COMMISSIONING,GARDEN CITY SURGERY,23181280,"47,049.80 ",,HT000036694
Department of Health,NHS East & North Hertfordshire CCG,31/07/2018,C&M-GMS MPIG Correction Factor,PRC DELEGATED CO-COMMISSIONING,GARDEN CITY SURGERY,23181280,"1,061.42 ",,HT000036694
Department of Health,NHS East & North Hertfordshire CCG,31/07/2018,C&M-GMS Prem Actual Rent,PRC DELEGATED CO-COMMISSIONING,GARDEN CITY SURGERY,23181280,"2,495.83 ",,HT000036694
Department of Health,NHS East & North Hertfordshire CCG,31/07/2018,C&M-GMS Prem Rates,PRC DELEGATED CO-COMMISSIONING,GARDEN CITY SURGERY,23181280,"2,686.85 ",,HT000036694
Department of Health,NHS East & North Hertfordshire CCG,31/07/2018,C&M-GMS QOF Aspiration,PRC DELEGATED CO-COMMISSIONING,GARDEN CITY SURGERY,23181280,"4,543.48 ",,HT000036694
Department of Health,NHS East & North Hertfordshire CCG,31/07/2018,C&M-APMS Contract Value,PRC DELEGATED CO-COMMISSIONING,GENERATING HEALTHCARE LTD,22948233,"54,407.82 ",,HT000036637
Department of Health,NHS East & North Hertfordshire CCG,31/07/2018,C&M-APMS Prem Actual Rent,PRC DELEGATED CO-COMMISSIONING,GENERATING HEALTHCARE LTD,22948233,"2,777.08 ",,HT000036637
Department of Health,NHS East & North Hertfordshire CCG,31/07/2018,C&M-APMS Prem Rates,PRC DELEGATED CO-COMMISSIONING,GENERATING HEALTHCARE LTD,22948233,"7,140.00 ",,HT000036637
Department of Health,NHS East & North Hertfordshire CCG,31/07/2018,C&M-APMS Prem Water Rates,PRC DELEGATED CO-COMMISSIONING,GENERATING HEALTHCARE LTD,22948233,163.57 ,,HT000036637
Department of Health,NHS East & North Hertfordshire CCG,31/07/2018,C&M-APMS Contract Value,PRC DELEGATED CO-COMMISSIONING,GENERATING HEALTHCARE LTD,22948235,"27,249.32 ",,HT000036639
Department of Health,NHS East & North Hertfordshire CCG,31/07/2018,C&M-APMS Prem Actual Rent,PRC DELEGATED CO-COMMISSIONING,GENERATING HEALTHCARE LTD,22948235,"2,239.58 ",,HT000036639
Department of Health,NHS East & North Hertfordshire CCG,31/07/2018,C&M-APMS Prem Rates,PRC DELEGATED CO-COMMISSIONING,GENERATING HEALTHCARE LTD,22948235,"1,793.63 ",,HT000036639
Department of Health,NHS East & North Hertfordshire CCG,31/07/2018,Hcare Srv Rec Fdtn Trust-Contract Baseline,ACUTE COMMISSIONING,GREAT ORMOND STREET HOSPITAL FOR CHILDREN NHS FOUNDATION TRUST,22890609,"52,591.92 ",654922910,X0196670
Department of Health,NHS East & North Hertfordshire CCG,31/07/2018,Hcare Srv Rec Fdtn Trust-Contract Baseline,ACUTE COMMISSIONING,GUYS & ST THOMAS HOSPITAL NHS FOUNDATION TRUST,22890526,"139,797.00 ",654923417,3242129
Department of Health,NHS East & North Hertfordshire CCG,31/07/2018,C&M-GMS Global Sum,PRC DELEGATED CO-COMMISSIONING,HAILEY VIEW SURGERY,23181282,"54,104.75 ",,HT000036696
Department of Health,NHS East & North Hertfordshire CCG,31/07/2018,C&M-GMS MPIG Correction Factor,PRC DELEGATED CO-COMMISSIONING,HAILEY VIEW SURGERY,23181282,28.80 ,,HT000036696
Department of Health,NHS East & North Hertfordshire CCG,31/07/2018,C&M-GMS PCO Doctors Ret Scheme,PRC DELEGATED CO-COMMISSIONING,HAILEY VIEW SURGERY,23181282,"1,230.72 ",,HT000036696
Department of Health,NHS East & North Hertfordshire CCG,31/07/2018,C&M-GMS Prem Rates,PRC DELEGATED CO-COMMISSIONING,HAILEY VIEW SURGERY,23181282,"2,352.56 ",,HT000036696
Department of Health,NHS East & North Hertfordshire CCG,31/07/2018,C&M-GMS QOF Aspiration,PRC DELEGATED CO-COMMISSIONING,HAILEY VIEW SURGERY,23181282,"6,950.11 ",,HT000036696
Department of Health,NHS East & North Hertfordshire CCG,31/07/2018,C&M-GMS DES Minor Surgery,PRC DELEGATED CO-COMMISSIONING,HALL GROVE SURGERY,23181442,"4,423.31 ",,HT000036700
Department of Health,NHS East & North Hertfordshire CCG,31/07/2018,C&M-GMS Global Sum,PRC DELEGATED CO-COMMISSIONING,HALL GROVE SURGERY,23181442,"110,735.90 ",,HT000036700
Department of Health,NHS East & North Hertfordshire CCG,31/07/2018,C&M-GMS PCO Other,PRC DELEGATED CO-COMMISSIONING,HALL GROVE SURGERY,23181442,"9,631.00 ",,HT000036700
Department of Health,NHS East & North Hertfordshire CCG,31/07/2018,C&M-GMS Prem Notional Rent,PRC DELEGATED CO-COMMISSIONING,HALL GROVE SURGERY,23181442,"7,737.50 ",,HT000036700
Department of Health,NHS East & North Hertfordshire CCG,31/07/2018,C&M-GMS Prem Rates,PRC DELEGATED CO-COMMISSIONING,HALL GROVE SURGERY,23181442,"1,475.22 ",,HT000036700
Department of Health,NHS East & North Hertfordshire CCG,31/07/2018,C&M-GMS QOF Aspiration,PRC DELEGATED CO-COMMISSIONING,HALL GROVE SURGERY,23181442,"11,899.71 ",,HT000036700
Department of Health,NHS East & North Hertfordshire CCG,31/07/2018,C&M-GMS Cost of Drugs -Prescribing,LOCAL ENHANCED SERVICES,HALL GROVE SURGERY,23206085,"64,114.56 ",,HT000037007
Department of Health,NHS East & North Hertfordshire CCG,31/07/2018,C&M-GMS Prof Fees Prescribing,PRC DELEGATED CO-COMMISSIONING,HALL GROVE SURGERY,23206085,"17,080.59 ",,HT000037007
Department of Health,NHS East & North Hertfordshire CCG,31/07/2018,C&M-GMS Global Sum,PRC DELEGATED CO-COMMISSIONING,HANSCOMBE HOUSE SURGERY,23203337,"66,704.78 ",,HT000036702
Department of Health,NHS East & North Hertfordshire CCG,31/07/2018,C&M-GMS MPIG Correction Factor,PRC DELEGATED CO-COMMISSIONING,HANSCOMBE HOUSE SURGERY,23203337,273.95 ,,HT000036702
Department of Health,NHS East & North Hertfordshire CCG,31/07/2018,C&M-GMS Prem Actual Rent,PRC DELEGATED CO-COMMISSIONING,HANSCOMBE HOUSE SURGERY,23203337,"5,614.33 ",,HT000036702
Department of Health,NHS East & North Hertfordshire CCG,31/07/2018,C&M-GMS Prem Rates,PRC DELEGATED CO-COMMISSIONING,HANSCOMBE HOUSE SURGERY,23203337,"2,736.15 ",,HT000036702
Department of Health,NHS East & North Hertfordshire CCG,31/07/2018,C&M-GMS QOF Aspiration,PRC DELEGATED CO-COMMISSIONING,HANSCOMBE HOUSE SURGERY,23203337,"6,298.79 ",,HT000036702
Department of Health,NHS East & North Hertfordshire CCG,31/07/2018,ME-GMS GP Pension EEs Adjustments,PRC DELEGATED CO-COMMISSIONING,HANSCOMBE HOUSE SURGERY,23203337,"2,322.34 ",,HT000036702
Department of Health,NHS East & North Hertfordshire CCG,31/07/2018,ME-GMS GP Pension ERs Adjustments,PRC DELEGATED CO-COMMISSIONING,HANSCOMBE HOUSE SURGERY,23203337,"2,303.12 ",,HT000036702
Department of Health,NHS East & North Hertfordshire CCG,31/07/2018,Clinical&Medical-Independent Sector,URGENT CARE,HAVERSTOCK HEALTHCARE LTD,23095880,"53,376.00 ",215028936,CHESHUNTMIU0718
Department of Health,NHS East & North Hertfordshire CCG,31/07/2018,Cont Care-Physical Disab (65+),CHC ADULT FULLY FUNDED,HC ONE OVAL LTD,23117386,"56,598.72 ",283937558,ISCHJUN18
Department of Health,NHS East & North Hertfordshire CCG,31/07/2018,Cont Care-Physical Disab (<65),CHC ADULT FULLY FUNDED,HC ONE OVAL LTD,23117386,"1,217.54 ",283937558,ISCHJUN18
Department of Health,NHS East & North Hertfordshire CCG,31/07/2018,Cont Care-FNC Client Continence Allow,FUNDED NURSING CARE,HC ONE OVAL LTD,23128269,"1,320.60 ",283937558,STC055489TOSTC055562
Department of Health,NHS East & North Hertfordshire CCG,31/07/2018,Cont Care-Funded Nursing Care Allow,FUNDED NURSING CARE,HC ONE OVAL LTD,23128269,"50,159.42 ",283937558,STC055489TOSTC055562
Department of Health,NHS East & North Hertfordshire CCG,31/07/2018,Hcare Srv Rec NHS Trust-Non Contract,WINTER PRESSURES,HERTFORDSHIRE COMMUNITY NHS TRUST,23021734,"39,098.80 ",654 4402 89,H0001407
Department of Health,NHS East & North Hertfordshire CCG,31/07/2018,Hcare Srv Rec NHS Trust-Contract Baseline,COMMUNITY SERVICES,HERTFORDSHIRE COMMUNITY NHS TRUST,23021795,"3,399,353.00 ",654 4402 89,H0001578
Department of Health,NHS East & North Hertfordshire CCG,31/07/2018,Hcare Srv Rec NHS Trust-Contract Baseline,COMMUNITY SERVICES,HERTFORDSHIRE COMMUNITY NHS TRUST,23021802,"138,498.00 ",654 4402 89,H0001682
Department of Health,NHS East & North Hertfordshire CCG,31/07/2018,Clinical&Medical-Othe Public Sector,MENTAL HEALTH CONTRACTS,HERTFORDSHIRE COUNTY COUNCIL,22890550,"196,614.00 ",GB214527877,1802528772
Department of Health,NHS East & North Hertfordshire CCG,31/07/2018,Clinical&Medical-Othe Public Sector,MENTAL HEALTH SERVICES - COLLABORATIVE COMMISSIONING,HERTFORDSHIRE COUNTY COUNCIL,22890550,"6,796,169.00 ",GB214527877,1802528772
Department of Health,NHS East & North Hertfordshire CCG,31/07/2018,Clinical&Medical-Othe Public Sector,CARERS,HERTFORDSHIRE COUNTY COUNCIL,23117361,"24,167.00 ",GB214527877,1802528775
Department of Health,NHS East & North Hertfordshire CCG,31/07/2018,Clinical&Medical-Othe Public Sector,INTERMEDIATE CARE,HERTFORDSHIRE COUNTY COUNCIL,23117361,"203,187.00 ",GB214527877,1802528775
Department of Health,NHS East & North Hertfordshire CCG,31/07/2018,Cont Care- Adult 100% Fully Funded,CHC ADULT FULLY FUNDED,HERTFORDSHIRE COUNTY COUNCIL,23117361,"41,293.00 ",GB214527877,1802528775
Department of Health,NHS East & North Hertfordshire CCG,31/07/2018,Seconded-Basic Sal-Staff fm oth org,OPERATIONS MANAGEMENT,HERTFORDSHIRE COUNTY COUNCIL,23117361,"4,599.00 ",GB214527877,1802528775
Department of Health,NHS East & North Hertfordshire CCG,31/07/2018,Soc Care-Other Soc Care,LONG TERM CONDITIONS,HERTFORDSHIRE COUNTY COUNCIL,23117361,"1,151,946.00 ",GB214527877,1802528775
Department of Health,NHS East & North Hertfordshire CCG,31/07/2018,Social Care-ICES,COMMUNITY SERVICES,HERTFORDSHIRE COUNTY COUNCIL,23117423,"288,038.00 ",GB214527877,1802549725
Department of Health,NHS East & North Hertfordshire CCG,31/07/2018,Clinical&Medical-Independent Sector,NHS 111,HERTS URGENT CARE,22932991,"673,324.84 ",210815253,0000004361
Department of Health,NHS East & North Hertfordshire CCG,31/07/2018,Clinical&Medical-Independent Sector - Prior Year,COMMISSIONING SCHEMES,HERTS URGENT CARE,23215608,"6,917.00 ",210815253,0000004392
Department of Health,NHS East & North Hertfordshire CCG,31/07/2018,Clinical&Medical-Independent Sector - Prior Year,NHS 111,HERTS URGENT CARE,23215608,"12,174.00 ",210815253,0000004392
Department of Health,NHS East & North Hertfordshire CCG,31/07/2018,Clinical&Medical-Independent Sector - Prior Year,OUT OF HOURS,HERTS URGENT CARE,23215608,"37,701.00 ",210815253,0000004392
Department of Health,NHS East & North Hertfordshire CCG,31/07/2018,C&M-GMS Global Sum,PRC DELEGATED CO-COMMISSIONING,HIGH ST SURGERY,23181287,"35,046.62 ",,HT000036704
Department of Health,NHS East & North Hertfordshire CCG,31/07/2018,C&M-GMS PCO Other,PRC DELEGATED CO-COMMISSIONING,HIGH ST SURGERY,23181287,"3,444.00 ",,HT000036704
Department of Health,NHS East & North Hertfordshire CCG,31/07/2018,C&M-GMS Prem Rates,PRC DELEGATED CO-COMMISSIONING,HIGH ST SURGERY,23181287,"1,188.00 ",,HT000036704
Department of Health,NHS East & North Hertfordshire CCG,31/07/2018,C&M-GMS QOF Aspiration,PRC DELEGATED CO-COMMISSIONING,HIGH ST SURGERY,23181287,"4,063.10 ",,HT000036704
Department of Health,NHS East & North Hertfordshire CCG,31/07/2018,Clinical&Medical-Independent Sector,NCAS/OATS,HOLLY HOUSE HOSPITAL,23037166,"28,032.71 ",,06K0518
Department of Health,NHS East & North Hertfordshire CCG,31/07/2018,Hcare Srv Rec NHS Trust-Contract Baseline,ACUTE COMMISSIONING,IMPERIAL COLLEGE HEALTHCARE NHS TRUST,22880248,"62,762.00 ",654945990,H0161720
Department of Health,NHS East & North Hertfordshire CCG,31/07/2018,C&M-GMS DES Minor Surgery,PRC DELEGATED CO-COMMISSIONING,KELLER P & PARTNERS,23181289,"2,496.37 ",,HT000036706
Department of Health,NHS East & North Hertfordshire CCG,31/07/2018,C&M-GMS Global Sum,PRC DELEGATED CO-COMMISSIONING,KELLER P & PARTNERS,23181289,"86,284.68 ",,HT000036706
Department of Health,NHS East & North Hertfordshire CCG,31/07/2018,C&M-GMS Prem Notional Rent,PRC DELEGATED CO-COMMISSIONING,KELLER P & PARTNERS,23181289,"5,375.00 ",,HT000036706
Department of Health,NHS East & North Hertfordshire CCG,31/07/2018,C&M-GMS QOF Aspiration,PRC DELEGATED CO-COMMISSIONING,KELLER P & PARTNERS,23181289,"8,114.04 ",,HT000036706
Department of Health,NHS East & North Hertfordshire CCG,31/07/2018,C&M-GMS DES Minor Surgery,PRC DELEGATED CO-COMMISSIONING,KING GEORGE SURGERY,23181291,"1,313.70 ",,HT000036708
Department of Health,NHS East & North Hertfordshire CCG,31/07/2018,C&M-GMS Global Sum,PRC DELEGATED CO-COMMISSIONING,KING GEORGE SURGERY,23181291,"101,839.56 ",,HT000036708
Department of Health,NHS East & North Hertfordshire CCG,31/07/2018,C&M-GMS Prem Actual Rent,PRC DELEGATED CO-COMMISSIONING,KING GEORGE SURGERY,23181291,465.83 ,,HT000036708
Department of Health,NHS East & North Hertfordshire CCG,31/07/2018,C&M-GMS Prem Rates,PRC DELEGATED CO-COMMISSIONING,KING GEORGE SURGERY,23181291,"2,451.41 ",,HT000036708
Department of Health,NHS East & North Hertfordshire CCG,31/07/2018,C&M-GMS QOF Aspiration,PRC DELEGATED CO-COMMISSIONING,KING GEORGE SURGERY,23181291,"10,181.78 ",,HT000036708
Department of Health,NHS East & North Hertfordshire CCG,31/07/2018,C&M-GMS Cost of Drugs -Dispensing,LOCAL ENHANCED SERVICES,KING GEORGE SURGERY,23203476,"34,203.69 ",,HT000037012
Department of Health,NHS East & North Hertfordshire CCG,31/07/2018,C&M-GMS Prof Fees Dispensing,PRC DELEGATED CO-COMMISSIONING,KING GEORGE SURGERY,23203476,"4,800.18 ",,HT000037012
Department of Health,NHS East & North Hertfordshire CCG,31/07/2018,C&M-GMS PrscrptnChrgsColl&RmttdbyGP,LOCAL ENHANCED SERVICES,KING GEORGE SURGERY,23203476,149.60 ,,HT000037012
Department of Health,NHS East & North Hertfordshire CCG,31/07/2018,Hcare Srv Rec Fdtn Trust-Contract Baseline,ACUTE COMMISSIONING,KING`S COLLEGE HOSPITAL NHS FOUNDATION TRUST,22880156,"27,090.00 ",654926800,00260241
Department of Health,NHS East & North Hertfordshire CCG,31/07/2018,C&M-GMS DES Minor Surgery,PRC DELEGATED CO-COMMISSIONING,KNEBWORTH AND MARYMEAD PRACTICE,23181444,"2,539.98 ",,HT000036710
Department of Health,NHS East & North Hertfordshire CCG,31/07/2018,C&M-GMS Global Sum,PRC DELEGATED CO-COMMISSIONING,KNEBWORTH AND MARYMEAD PRACTICE,23181444,"84,950.73 ",,HT000036710
Department of Health,NHS East & North Hertfordshire CCG,31/07/2018,C&M-GMS PCO Other,PRC DELEGATED CO-COMMISSIONING,KNEBWORTH AND MARYMEAD PRACTICE,23181444,"7,470.00 ",,HT000036710
Department of Health,NHS East & North Hertfordshire CCG,31/07/2018,C&M-GMS Prem Notional Rent,PRC DELEGATED CO-COMMISSIONING,KNEBWORTH AND MARYMEAD PRACTICE,23181444,"2,770.83 ",,HT000036710
Department of Health,NHS East & North Hertfordshire CCG,31/07/2018,C&M-GMS Prem Rates,PRC DELEGATED CO-COMMISSIONING,KNEBWORTH AND MARYMEAD PRACTICE,23181444,"1,658.10 ",,HT000036710
Department of Health,NHS East & North Hertfordshire CCG,31/07/2018,C&M-GMS QOF Aspiration,PRC DELEGATED CO-COMMISSIONING,KNEBWORTH AND MARYMEAD PRACTICE,23181444,"9,441.94 ",,HT000036710
Department of Health,NHS East & North Hertfordshire CCG,31/07/2018,C&M-APMS Contract Value,PRC DELEGATED CO-COMMISSIONING,LEA VALLEY HEALTH LTD,22948236,"77,453.81 ",,HT000036641
Department of Health,NHS East & North Hertfordshire CCG,31/07/2018,C&M-GMS DES Minor Surgery,PRC DELEGATED CO-COMMISSIONING,LISTER HOUSE SURGERY HATFIELD,23203338,262.74 ,,HT000036712
Department of Health,NHS East & North Hertfordshire CCG,31/07/2018,C&M-GMS Global Sum,PRC DELEGATED CO-COMMISSIONING,LISTER HOUSE SURGERY HATFIELD,23203338,"88,647.22 ",,HT000036712
Department of Health,NHS East & North Hertfordshire CCG,31/07/2018,C&M-GMS PCO Locum Adop/Pat/Mat,PRC DELEGATED CO-COMMISSIONING,LISTER HOUSE SURGERY HATFIELD,23203338,"4,760.64 ",,HT000036712
Department of Health,NHS East & North Hertfordshire CCG,31/07/2018,C&M-GMS PCO Other,PRC DELEGATED CO-COMMISSIONING,LISTER HOUSE SURGERY HATFIELD,23203338,"7,745.00 ",,HT000036712
Department of Health,NHS East & North Hertfordshire CCG,31/07/2018,C&M-GMS Prem Notional Rent,PRC DELEGATED CO-COMMISSIONING,LISTER HOUSE SURGERY HATFIELD,23203338,"10,262.50 ",,HT000036712
Department of Health,NHS East & North Hertfordshire CCG,31/07/2018,C&M-GMS Prem Rates,PRC DELEGATED CO-COMMISSIONING,LISTER HOUSE SURGERY HATFIELD,23203338,"8,939.74 ",,HT000036712
Department of Health,NHS East & North Hertfordshire CCG,31/07/2018,C&M-GMS Prem Water Rates,PRC DELEGATED CO-COMMISSIONING,LISTER HOUSE SURGERY HATFIELD,23203338,760.33 ,,HT000036712
Department of Health,NHS East & North Hertfordshire CCG,31/07/2018,C&M-GMS QOF Aspiration,PRC DELEGATED CO-COMMISSIONING,LISTER HOUSE SURGERY HATFIELD,23203338,"8,324.24 ",,HT000036712
Department of Health,NHS East & North Hertfordshire CCG,31/07/2018,ME-GMS GP Pension EEs Adjustments,PRC DELEGATED CO-COMMISSIONING,LISTER HOUSE SURGERY HATFIELD,23203338,207.19 ,,HT000036712
Department of Health,NHS East & North Hertfordshire CCG,31/07/2018,ME-GMS GP Pension ERs Adjustments,PRC DELEGATED CO-COMMISSIONING,LISTER HOUSE SURGERY HATFIELD,23203338,220.69 ,,HT000036712
Department of Health,NHS East & North Hertfordshire CCG,31/07/2018,Cont Care- Prior Year Payments,CHC ADULT JOINT FUNDED,LONDON BOROUGH OF NEWHAM,23047016,"57,218.44 ",248 4815 37,610000057274
Department of Health,NHS East & North Hertfordshire CCG,31/07/2018,Hcare Srv Rec NHS Trust-Contract Baseline,ACUTE COMMISSIONING,LONDON NORTH WEST HEALTHCARE NHS TRUST,22902490,"68,621.00 ",654463720,A0045388
Department of Health,NHS East & North Hertfordshire CCG,31/07/2018,Hcare Srv Rec Fdtn Trust-Contract Baseline,ACUTE COMMISSIONING,LUTON & DUNSTABLE HOSPITAL NHS FOUNDATION TRUST,22970285,"187,914.75 ",654929007,52990820
Department of Health,NHS East & North Hertfordshire CCG,31/07/2018,Hcare Srv Rec Fdtn Trust-Contract Baseline,ACUTE COMMISSIONING,LUTON & DUNSTABLE HOSPITAL NHS FOUNDATION TRUST,23151487,"135,312.51 ",654929007,52990881
Department of Health,NHS East & North Hertfordshire CCG,31/07/2018,C&M-GMS DES Minor Surgery,PRC DELEGATED CO-COMMISSIONING,MANOR HOUSE SURGERY STEVENAGE,23181294,"5,124.03 ",,HT000036714
Department of Health,NHS East & North Hertfordshire CCG,31/07/2018,C&M-GMS Global Sum,PRC DELEGATED CO-COMMISSIONING,MANOR HOUSE SURGERY STEVENAGE,23181294,"34,757.95 ",,HT000036714
Department of Health,NHS East & North Hertfordshire CCG,31/07/2018,C&M-GMS MPIG Correction Factor,PRC DELEGATED CO-COMMISSIONING,MANOR HOUSE SURGERY STEVENAGE,23181294,620.09 ,,HT000036714
Department of Health,NHS East & North Hertfordshire CCG,31/07/2018,C&M-GMS Prem Rates,PRC DELEGATED CO-COMMISSIONING,MANOR HOUSE SURGERY STEVENAGE,23181294,436.21 ,,HT000036714
Department of Health,NHS East & North Hertfordshire CCG,31/07/2018,C&M-GMS Prem Water Rates,PRC DELEGATED CO-COMMISSIONING,MANOR HOUSE SURGERY STEVENAGE,23181294,102.99 ,,HT000036714
Department of Health,NHS East & North Hertfordshire CCG,31/07/2018,C&M-GMS QOF Aspiration,PRC DELEGATED CO-COMMISSIONING,MANOR HOUSE SURGERY STEVENAGE,23181294,"2,769.11 ",,HT000036714
Department of Health,NHS East & North Hertfordshire CCG,31/07/2018,C&M-GMS DES Minor Surgery,PRC DELEGATED CO-COMMISSIONING,MAPLES HEALTH CENTRE,23181296,"4,992.46 ",,HT000036716
Department of Health,NHS East & North Hertfordshire CCG,31/07/2018,C&M-GMS Global Sum,PRC DELEGATED CO-COMMISSIONING,MAPLES HEALTH CENTRE,23181296,"76,386.92 ",,HT000036716
Department of Health,NHS East & North Hertfordshire CCG,31/07/2018,C&M-GMS MPIG Correction Factor,PRC DELEGATED CO-COMMISSIONING,MAPLES HEALTH CENTRE,23181296,319.26 ,,HT000036716
Department of Health,NHS East & North Hertfordshire CCG,31/07/2018,C&M-GMS Prem Rates,PRC DELEGATED CO-COMMISSIONING,MAPLES HEALTH CENTRE,23181296,"2,487.07 ",,HT000036716
Department of Health,NHS East & North Hertfordshire CCG,31/07/2018,C&M-GMS QOF Aspiration,PRC DELEGATED CO-COMMISSIONING,MAPLES HEALTH CENTRE,23181296,"6,892.92 ",,HT000036716
Department of Health,NHS East & North Hertfordshire CCG,31/07/2018,Clinical&Medical-Voluntary Sector,PALLIATIVE CARE,MARIE CURIE,23193384,"40,000.00 ",626722537,005508
Department of Health,NHS East & North Hertfordshire CCG,31/07/2018,Clinical&Medical-Voluntary Sector,COMMUNITY SERVICES,MARIE STOPES INTERNATIONAL,23193569,"39,188.52 ",882426016,MS181173
Department of Health,NHS East & North Hertfordshire CCG,31/07/2018,Hcare Srv Rec NHS Trust-Contract Baseline,ACUTE COMMISSIONING,MID ESSEX HOSPITALS SERVICES NHS TRUST,22970277,"107,923.00 ",,2000107048
Department of Health,NHS East & North Hertfordshire CCG,31/07/2018,Clinical&Medical-Independent Sector,WHEELCHAIR SERVICE,MILLBROOK HEALTHCARE LTD,23171643,"123,108.05 ",GB675991080,18274
Department of Health,NHS East & North Hertfordshire CCG,31/07/2018,Hcare Srv Rec Fdtn Trust-Contract Baseline,ACUTE COMMISSIONING,MOORFIELDS EYE HOSPITAL NHS FOUNDATION TRUST,22890553,"370,391.00 ",,IC0034481
Department of Health,NHS East & North Hertfordshire CCG,31/07/2018,C&M-GMS DES Minor Surgery,PRC DELEGATED CO-COMMISSIONING,MUCH HADHAM HLTH CNTRE,23181300,"1,138.78 ",876631000,HT000036720
Department of Health,NHS East & North Hertfordshire CCG,31/07/2018,C&M-GMS Global Sum,PRC DELEGATED CO-COMMISSIONING,MUCH HADHAM HLTH CNTRE,23181300,"47,922.13 ",876631000,HT000036720
Department of Health,NHS East & North Hertfordshire CCG,31/07/2018,C&M-GMS Prem Notional Rent,PRC DELEGATED CO-COMMISSIONING,MUCH HADHAM HLTH CNTRE,23181300,650.00 ,876631000,HT000036720
Department of Health,NHS East & North Hertfordshire CCG,31/07/2018,C&M-GMS Prem Rates,PRC DELEGATED CO-COMMISSIONING,MUCH HADHAM HLTH CNTRE,23181300,681.10 ,876631000,HT000036720
Department of Health,NHS East & North Hertfordshire CCG,31/07/2018,C&M-GMS QOF Aspiration,PRC DELEGATED CO-COMMISSIONING,MUCH HADHAM HLTH CNTRE,23181300,"5,155.58 ",876631000,HT000036720
Department of Health,NHS East & North Hertfordshire CCG,31/07/2018,C&M-GMS Cost of Drugs -Dispensing,LOCAL ENHANCED SERVICES,MUCH HADHAM HLTH CNTRE,23203482,"(61,164.08)",876631000,HT000037019
Department of Health,NHS East & North Hertfordshire CCG,31/07/2018,C&M-GMS PrscChrgsCll&RmttdbyGPCntra,PRC DELEGATED CO-COMMISSIONING,MUCH HADHAM HLTH CNTRE,23203482,"(4,382.20)",876631000,HT000037019
Department of Health,NHS East & North Hertfordshire CCG,31/07/2018,C&M-GMS Cost of Drugs -Dispensing,LOCAL ENHANCED SERVICES,MUCH HADHAM HLTH CNTRE,23203483,"107,942.24 ",876631000,HT000037020
Department of Health,NHS East & North Hertfordshire CCG,31/07/2018,C&M-GMS Prof Fees Dispensing,PRC DELEGATED CO-COMMISSIONING,MUCH HADHAM HLTH CNTRE,23203483,"19,819.96 ",876631000,HT000037020
Department of Health,NHS East & North Hertfordshire CCG,31/07/2018,C&M-GMS PrscrptnChrgsColl&RmttdbyGP,LOCAL ENHANCED SERVICES,MUCH HADHAM HLTH CNTRE,23203483,"4,382.20 ",876631000,HT000037020
Department of Health,NHS East & North Hertfordshire CCG,31/07/2018,C&M-GMS DES Minor Surgery,PRC DELEGATED CO-COMMISSIONING,NEVELLS ROAD SURGERY,23181298,"8,714.57 ",,HT000036718
Department of Health,NHS East & North Hertfordshire CCG,31/07/2018,C&M-GMS Global Sum,PRC DELEGATED CO-COMMISSIONING,NEVELLS ROAD SURGERY,23181298,"71,093.19 ",,HT000036718
Department of Health,NHS East & North Hertfordshire CCG,31/07/2018,C&M-GMS PCO Other,PRC DELEGATED CO-COMMISSIONING,NEVELLS ROAD SURGERY,23181298,"6,168.00 ",,HT000036718
Department of Health,NHS East & North Hertfordshire CCG,31/07/2018,C&M-GMS Prem Notional Rent,PRC DELEGATED CO-COMMISSIONING,NEVELLS ROAD SURGERY,23181298,"1,166.67 ",,HT000036718
Department of Health,NHS East & North Hertfordshire CCG,31/07/2018,C&M-GMS QOF Aspiration,PRC DELEGATED CO-COMMISSIONING,NEVELLS ROAD SURGERY,23181298,"8,074.10 ",,HT000036718
Department of Health,NHS East & North Hertfordshire CCG,31/07/2018,Chrgs from SLA,HUMAN RESOURCES,NHS HERTS VALLEYS CCG,22970152,"84,603.47 ",,7021201022
Department of Health,NHS East & North Hertfordshire CCG,31/07/2018,Charges from CSU,STRATEGY & DEVELOPMENT,NHS NEL CSU,22970246,"33,650.75 ",,7312806193
Department of Health,NHS East & North Hertfordshire CCG,31/07/2018,Non-PFI Oprtng Lease-Bldgs-Lease Rent,RECHARGES NHS PROPERTY SERVICES LTD,NHS PROPERTY SERVICES LTD,23117365,"45,738.10 ",156725100,H66183
Department of Health,NHS East & North Hertfordshire CCG,31/07/2018,Non-PFI Oprtng Lease-Bldgs-Lease Rent,RECHARGES NHS PROPERTY SERVICES LTD,NHS PROPERTY SERVICES LTD,23117371,"71,247.15 ",156725100,H70042
Department of Health,NHS East & North Hertfordshire CCG,31/07/2018,Charges from CCG,PROGRAMME PROJECTS,NHS WEST ESSEX CCG,22890832,"251,000.00 ",,7022000911
Department of Health,NHS East & North Hertfordshire CCG,31/07/2018,Hcare Srv Rec NHS Trust-Contract Baseline,ACUTE COMMISSIONING,NORTH MIDDLESEX UNIVERSITY HOSPITAL NHS TRUST,22916811,"691,614.00 ",,050714
Department of Health,NHS East & North Hertfordshire CCG,31/07/2018,C&M-GMS Global Sum,PRC DELEGATED CO-COMMISSIONING,ORFORD LODGE,23181306,"70,006.07 ",,HT000036726
Department of Health,NHS East & North Hertfordshire CCG,31/07/2018,C&M-GMS PCO Other,PRC DELEGATED CO-COMMISSIONING,ORFORD LODGE,23181306,"6,436.00 ",,HT000036726
Department of Health,NHS East & North Hertfordshire CCG,31/07/2018,C&M-GMS Prem Rates,PRC DELEGATED CO-COMMISSIONING,ORFORD LODGE,23181306,"14,987.20 ",,HT000036726
Department of Health,NHS East & North Hertfordshire CCG,31/07/2018,C&M-GMS QOF Aspiration,PRC DELEGATED CO-COMMISSIONING,ORFORD LODGE,23181306,"7,206.81 ",,HT000036726
Department of Health,NHS East & North Hertfordshire CCG,31/07/2018,C&M-GMS Global Sum,PRC DELEGATED CO-COMMISSIONING,PARK GREEN SURGERY BROXBOURNE,23181302,"67,964.79 ",,HT000036722
Department of Health,NHS East & North Hertfordshire CCG,31/07/2018,C&M-GMS MPIG Correction Factor,PRC DELEGATED CO-COMMISSIONING,PARK GREEN SURGERY BROXBOURNE,23181302,622.42 ,,HT000036722
Department of Health,NHS East & North Hertfordshire CCG,31/07/2018,C&M-GMS Prem Notional Rent,PRC DELEGATED CO-COMMISSIONING,PARK GREEN SURGERY BROXBOURNE,23181302,"7,216.67 ",,HT000036722
Department of Health,NHS East & North Hertfordshire CCG,31/07/2018,C&M-GMS Prem Rates,PRC DELEGATED CO-COMMISSIONING,PARK GREEN SURGERY BROXBOURNE,23181302,"1,226.69 ",,HT000036722
Department of Health,NHS East & North Hertfordshire CCG,31/07/2018,C&M-GMS QOF Aspiration,PRC DELEGATED CO-COMMISSIONING,PARK GREEN SURGERY BROXBOURNE,23181302,"7,179.38 ",,HT000036722
Department of Health,NHS East & North Hertfordshire CCG,31/07/2018,C&M-GMS DES Minor Surgery,PRC DELEGATED CO-COMMISSIONING,PARSONAGE SURGERY,23181304,788.32 ,,HT000036724
Department of Health,NHS East & North Hertfordshire CCG,31/07/2018,C&M-GMS Global Sum,PRC DELEGATED CO-COMMISSIONING,PARSONAGE SURGERY,23181304,"34,252.98 ",,HT000036724
Department of Health,NHS East & North Hertfordshire CCG,31/07/2018,C&M-GMS MPIG Correction Factor,PRC DELEGATED CO-COMMISSIONING,PARSONAGE SURGERY,23181304,762.23 ,,HT000036724
Department of Health,NHS East & North Hertfordshire CCG,31/07/2018,C&M-GMS QOF Aspiration,PRC DELEGATED CO-COMMISSIONING,PARSONAGE SURGERY,23181304,"3,375.96 ",,HT000036724
Department of Health,NHS East & North Hertfordshire CCG,31/07/2018,C&M-GMS DES Learn Dsblty Hlth Chk,PRC DELEGATED CO-COMMISSIONING,PEARTREE GROUP PRACTICE,23203341,"4,760.00 ",,HT000036732
Department of Health,NHS East & North Hertfordshire CCG,31/07/2018,C&M-GMS DES Minor Surgery,PRC DELEGATED CO-COMMISSIONING,PEARTREE GROUP PRACTICE,23203341,"10,598.94 ",,HT000036732
Department of Health,NHS East & North Hertfordshire CCG,31/07/2018,C&M-GMS Global Sum,PRC DELEGATED CO-COMMISSIONING,PEARTREE GROUP PRACTICE,23203341,"138,023.72 ",,HT000036732
Department of Health,NHS East & North Hertfordshire CCG,31/07/2018,C&M-GMS Prem Actual Rent,PRC DELEGATED CO-COMMISSIONING,PEARTREE GROUP PRACTICE,23203341,"12,420.48 ",,HT000036732
Department of Health,NHS East & North Hertfordshire CCG,31/07/2018,C&M-GMS Prem Notional Rent,PRC DELEGATED CO-COMMISSIONING,PEARTREE GROUP PRACTICE,23203341,"7,578.33 ",,HT000036732
Department of Health,NHS East & North Hertfordshire CCG,31/07/2018,C&M-GMS Prem Rates,PRC DELEGATED CO-COMMISSIONING,PEARTREE GROUP PRACTICE,23203341,"3,145.31 ",,HT000036732
Department of Health,NHS East & North Hertfordshire CCG,31/07/2018,C&M-GMS QOF Aspiration,PRC DELEGATED CO-COMMISSIONING,PEARTREE GROUP PRACTICE,23203341,"14,602.38 ",,HT000036732
Department of Health,NHS East & North Hertfordshire CCG,31/07/2018,ME - GMS GP Prior Year ERs,PRC DELEGATED CO-COMMISSIONING,PEARTREE GROUP PRACTICE,23203341,"1,926.97 ",,HT000036732
Department of Health,NHS East & North Hertfordshire CCG,31/07/2018,ME-GMS GP Pension EEs Adjustments,PRC DELEGATED CO-COMMISSIONING,PEARTREE GROUP PRACTICE,23203341,"1,450.00 ",,HT000036732
Department of Health,NHS East & North Hertfordshire CCG,31/07/2018,ME-GMS GP Pension ERs Adjustments,PRC DELEGATED CO-COMMISSIONING,PEARTREE GROUP PRACTICE,23203341,"1,438.00 ",,HT000036732
Department of Health,NHS East & North Hertfordshire CCG,31/07/2018,ME-GMS GP Prior Year EEs,PRC DELEGATED CO-COMMISSIONING,PEARTREE GROUP PRACTICE,23203341,"2,921.89 ",,HT000036732
Department of Health,NHS East & North Hertfordshire CCG,31/07/2018,Clinical&Medical-Independent Sector - Prior Year,ACUTE COMMISSIONING,PINEHILL HOSPITAL,22890591,"141,613.91 ",GB426505170 1,ENHCCGPININVFINFEB18
Department of Health,NHS East & North Hertfordshire CCG,31/07/2018,Clinical&Medical-Independent Sector - Prior Year,ACUTE COMMISSIONING,PINEHILL HOSPITAL,22890944,"104,534.04 ",GB426505170 1,ENHCCGPINEINVCQUIN1718
Department of Health,NHS East & North Hertfordshire CCG,31/07/2018,Clinical&Medical-Independent Sector,ACUTE COMMISSIONING,PINEHILL HOSPITAL,22930857,"543,154.00 ",GB426505170 1,ENHCCGPINJUL18
Department of Health,NHS East & North Hertfordshire CCG,31/07/2018,Clinical&Medical-Independent Sector - Prior Year,ACUTE COMMISSIONING,PINEHILL HOSPITAL,23215403,"242,035.71 ",GB426505170 1,ENHCCGPININVFINMAR18
Department of Health,NHS East & North Hertfordshire CCG,31/07/2018,C&M-GMS DES Minor Surgery,PRC DELEGATED CO-COMMISSIONING,PORTMILL SURGERY,23181307,"7,138.99 ",,HT000036728
Department of Health,NHS East & North Hertfordshire CCG,31/07/2018,C&M-GMS DES Violent Patients,PRC DELEGATED CO-COMMISSIONING,PORTMILL SURGERY,23181307,"3,859.17 ",,HT000036728
Department of Health,NHS East & North Hertfordshire CCG,31/07/2018,C&M-GMS Global Sum,PRC DELEGATED CO-COMMISSIONING,PORTMILL SURGERY,23181307,"95,378.84 ",,HT000036728
Department of Health,NHS East & North Hertfordshire CCG,31/07/2018,C&M-GMS PCO Locum Adop/Pat/Mat,PRC DELEGATED CO-COMMISSIONING,PORTMILL SURGERY,23181307,"5,789.59 ",,HT000036728
Department of Health,NHS East & North Hertfordshire CCG,31/07/2018,C&M-GMS Prem Rates,PRC DELEGATED CO-COMMISSIONING,PORTMILL SURGERY,23181307,"6,365.50 ",,HT000036728
Department of Health,NHS East & North Hertfordshire CCG,31/07/2018,C&M-GMS QOF Aspiration,PRC DELEGATED CO-COMMISSIONING,PORTMILL SURGERY,23181307,"8,659.43 ",,HT000036728
Department of Health,NHS East & North Hertfordshire CCG,31/07/2018,C&M-GMS Global Sum,PRC DELEGATED CO-COMMISSIONING,POTTERELLS MEDICAL CENTRE,23181308,"99,171.51 ",,HT000036730
Department of Health,NHS East & North Hertfordshire CCG,31/07/2018,C&M-GMS MPIG Correction Factor,PRC DELEGATED CO-COMMISSIONING,POTTERELLS MEDICAL CENTRE,23181308,"1,484.31 ",,HT000036730
Department of Health,NHS East & North Hertfordshire CCG,31/07/2018,C&M-GMS Prem Notional Rent,PRC DELEGATED CO-COMMISSIONING,POTTERELLS MEDICAL CENTRE,23181308,"5,516.42 ",,HT000036730
Department of Health,NHS East & North Hertfordshire CCG,31/07/2018,C&M-GMS Prem Rates,PRC DELEGATED CO-COMMISSIONING,POTTERELLS MEDICAL CENTRE,23181308,"2,445.94 ",,HT000036730
Department of Health,NHS East & North Hertfordshire CCG,31/07/2018,C&M-GMS QOF Aspiration,PRC DELEGATED CO-COMMISSIONING,POTTERELLS MEDICAL CENTRE,23181308,"6,799.92 ",,HT000036730
Department of Health,NHS East & North Hertfordshire CCG,31/07/2018,C&M-GMS GP Statutory Levy,PRC DELEGATED CO-COMMISSIONING,POTTERELLS MEDICAL CENTRE,23203340,"(1,899.48)",,HT000036729
Department of Health,NHS East & North Hertfordshire CCG,31/07/2018,C&M-GMS Voluntary Levy,PRC DELEGATED CO-COMMISSIONING,POTTERELLS MEDICAL CENTRE,23203340,(215.85),,HT000036729
Department of Health,NHS East & North Hertfordshire CCG,31/07/2018,ME - GMS GP Prior Year ERs,PRC DELEGATED CO-COMMISSIONING,POTTERELLS MEDICAL CENTRE,23203340,"(6,909.36)",,HT000036729
Department of Health,NHS East & North Hertfordshire CCG,31/07/2018,ME-GMS GP Pension EEs,PRC DELEGATED CO-COMMISSIONING,POTTERELLS MEDICAL CENTRE,23203340,"(6,340.58)",,HT000036729
Department of Health,NHS East & North Hertfordshire CCG,31/07/2018,ME-GMS GP Pension ERs Adjustments,PRC DELEGATED CO-COMMISSIONING,POTTERELLS MEDICAL CENTRE,23203340,"(6,569.26)",,HT000036729
Department of Health,NHS East & North Hertfordshire CCG,31/07/2018,ME-GMS GP Prior Year EEs,PRC DELEGATED CO-COMMISSIONING,POTTERELLS MEDICAL CENTRE,23203340,"(6,486.54)",,HT000036729
Department of Health,NHS East & North Hertfordshire CCG,30/06/2018,Hcare Srv Rec NHS Trust-Contract Baseline,ACUTE COMMISSIONING,PRINCESS ALEXANDRA HOSPITAL NHS TRUST,22745944,"5,201,459.81 ",654964985,BL180419
Department of Health,NHS East & North Hertfordshire CCG,31/07/2018,C&M-GMS Global Sum,PRC DELEGATED CO-COMMISSIONING,PUCKERIDGE & STANDON SURGERY,23181310,"61,928.09 ",,HT000036736
Department of Health,NHS East & North Hertfordshire CCG,31/07/2018,C&M-GMS Prem Notional Rent,PRC DELEGATED CO-COMMISSIONING,PUCKERIDGE & STANDON SURGERY,23181310,"4,745.83 ",,HT000036736
Department of Health,NHS East & North Hertfordshire CCG,31/07/2018,C&M-GMS Prem Rates,PRC DELEGATED CO-COMMISSIONING,PUCKERIDGE & STANDON SURGERY,23181310,840.20 ,,HT000036736
Department of Health,NHS East & North Hertfordshire CCG,31/07/2018,C&M-GMS QOF Aspiration,PRC DELEGATED CO-COMMISSIONING,PUCKERIDGE & STANDON SURGERY,23181310,"6,026.12 ",,HT000036736
Department of Health,NHS East & North Hertfordshire CCG,31/07/2018,Cont Care- Adult 100% Fully Funded,CHC ADULT FULLY FUNDED,RAMSAY NEUROLOGICAL SERVICES,23193549,"250,000.00 ",,ENHERTS0718PF
Department of Health,NHS East & North Hertfordshire CCG,31/07/2018,Cont Care- Adult 100% Fully Funded,CHC ADULT FULLY FUNDED,RAMSAY NEUROLOGICAL SERVICES,23215491,"102,671.85 ",,ENHERTS04180618
Department of Health,NHS East & North Hertfordshire CCG,31/07/2018,C&M-GMS Global Sum,PRC DELEGATED CO-COMMISSIONING,REGAL CHAMBERS SURGERY,23203343,"86,368.94 ",,HT000036734
Department of Health,NHS East & North Hertfordshire CCG,31/07/2018,C&M-GMS MPIG Correction Factor,PRC DELEGATED CO-COMMISSIONING,REGAL CHAMBERS SURGERY,23203343,42.58 ,,HT000036734
Department of Health,NHS East & North Hertfordshire CCG,31/07/2018,C&M-GMS Prem Actual Rent,PRC DELEGATED CO-COMMISSIONING,REGAL CHAMBERS SURGERY,23203343,"48,610.00 ",,HT000036734
Department of Health,NHS East & North Hertfordshire CCG,31/07/2018,C&M-GMS Prem Rates,PRC DELEGATED CO-COMMISSIONING,REGAL CHAMBERS SURGERY,23203343,"3,105.90 ",,HT000036734
Department of Health,NHS East & North Hertfordshire CCG,31/07/2018,C&M-GMS QOF Aspiration,PRC DELEGATED CO-COMMISSIONING,REGAL CHAMBERS SURGERY,23203343,"10,207.19 ",,HT000036734
Department of Health,NHS East & North Hertfordshire CCG,31/07/2018,ME-GMS GP Prior Year EEs,PRC DELEGATED CO-COMMISSIONING,REGAL CHAMBERS SURGERY,23203343,"2,729.36 ",,HT000036734
Department of Health,NHS East & North Hertfordshire CCG,31/07/2018,Clinical&Medical-Independent Sector - Prior Year,ACUTE COMMISSIONING,RIVERS HOSPITAL,22890600,"216,547.53 ",426505170,ENHCCGRIVINVFINFEB18
Department of Health,NHS East & North Hertfordshire CCG,31/07/2018,Clinical&Medical-Independent Sector - Prior Year,ACUTE COMMISSIONING,RIVERS HOSPITAL,22890937,"127,751.77 ",426505170,ENHCCGRIVINVCQUIN1718
Department of Health,NHS East & North Hertfordshire CCG,31/07/2018,Clinical&Medical-Independent Sector,ACUTE COMMISSIONING,RIVERS HOSPITAL,22930837,"759,093.00 ",426505170,ENHCCGJUL2018RIVERS
Department of Health,NHS East & North Hertfordshire CCG,31/07/2018,Clinical&Medical-Independent Sector - Prior Year,ACUTE COMMISSIONING,RIVERS HOSPITAL,23215406,"91,633.12 ",426505170,ENHCCGRIVINVFINMAR18
Department of Health,NHS East & North Hertfordshire CCG,31/07/2018,Hcare Srv Rec Fdtn Trust-Contract Baseline,ACUTE COMMISSIONING,ROYAL BROMPTON & HAREFIELD NHS FOUNDATION TRUST,22902506,"84,210.92 ",,S003935
Department of Health,NHS East & North Hertfordshire CCG,31/07/2018,Hcare Srv Rec NHS Trust-Contract Baseline,ACUTE COMMISSIONING,ROYAL NATIONAL ORTHOPAEDIC HOSPITAL NHS TRUST,22902519,"222,690.00 ",,B0037250
Department of Health,NHS East & North Hertfordshire CCG,31/07/2018,Hcare Srv Rec Fdtn Trust-Contract Baseline,ACUTE COMMISSIONING,ROYAL PAPWORTH HOSPITAL NHS FOUNDATION TRUST,22891986,"116,503.00 ",,57789812
Department of Health,NHS East & North Hertfordshire CCG,30/06/2018,Hcare Srv Rec Fdtn Trust-Contract Baseline,ACUTE COMMISSIONING,ROYAL FREE LONDON NHS FOUNDATION TRUST,22852526,"2,169,055.00 ",654946987,I0161286
Department of Health,NHS East & North Hertfordshire CCG,31/07/2018,C&M-GMS Global Sum,PRC DELEGATED CO-COMMISSIONING,SHEPHALL SURGERY,23181312,"53,232.57 ",,HT000036740
Department of Health,NHS East & North Hertfordshire CCG,31/07/2018,C&M-GMS Prem Actual Rent,PRC DELEGATED CO-COMMISSIONING,SHEPHALL SURGERY,23181312,"9,966.67 ",,HT000036740
Department of Health,NHS East & North Hertfordshire CCG,31/07/2018,C&M-GMS QOF Aspiration,PRC DELEGATED CO-COMMISSIONING,SHEPHALL SURGERY,23181312,"5,611.83 ",,HT000036740
Department of Health,NHS East & North Hertfordshire CCG,31/07/2018,C&M-GMS Global Sum,PRC DELEGATED CO-COMMISSIONING,SHIPHAY MANOR & ABBEY ROAD SURGERY,23181314,"60,554.45 ",,HT000036742
Department of Health,NHS East & North Hertfordshire CCG,31/07/2018,C&M-GMS Other FDR Payment,PRC DELEGATED CO-COMMISSIONING,SHIPHAY MANOR & ABBEY ROAD SURGERY,23181314,"1,544.44 ",,HT000036742
Department of Health,NHS East & North Hertfordshire CCG,31/07/2018,C&M-GMS Prem Actual Rent,PRC DELEGATED CO-COMMISSIONING,SHIPHAY MANOR & ABBEY ROAD SURGERY,23181314,"19,183.96 ",,HT000036742
Department of Health,NHS East & North Hertfordshire CCG,31/07/2018,C&M-GMS QOF Aspiration,PRC DELEGATED CO-COMMISSIONING,SHIPHAY MANOR & ABBEY ROAD SURGERY,23181314,"6,106.36 ",,HT000036742
Department of Health,NHS East & North Hertfordshire CCG,31/07/2018,C&M-GMS DES Minor Surgery,PRC DELEGATED CO-COMMISSIONING,SOUTH STREET SURGERY,23181447,"19,356.18 ",,HT000036738
Department of Health,NHS East & North Hertfordshire CCG,31/07/2018,C&M-GMS Global Sum,PRC DELEGATED CO-COMMISSIONING,SOUTH STREET SURGERY,23181447,"120,290.10 ",,HT000036738
Department of Health,NHS East & North Hertfordshire CCG,31/07/2018,C&M-GMS MPIG Correction Factor,PRC DELEGATED CO-COMMISSIONING,SOUTH STREET SURGERY,23181447,"3,097.73 ",,HT000036738
Department of Health,NHS East & North Hertfordshire CCG,31/07/2018,C&M-GMS Prem Rates,PRC DELEGATED CO-COMMISSIONING,SOUTH STREET SURGERY,23181447,"3,055.44 ",,HT000036738
Department of Health,NHS East & North Hertfordshire CCG,31/07/2018,C&M-GMS QOF Aspiration,PRC DELEGATED CO-COMMISSIONING,SOUTH STREET SURGERY,23181447,"14,738.54 ",,HT000036738
Department of Health,NHS East & North Hertfordshire CCG,31/07/2018,Clinical&Medical-Independent Sector,ACUTE COMMISSIONING,SPIRE HEALTHCARE LTD,22930849,"61,041.89 ",915970991,06KHPNREC181901
Department of Health,NHS East & North Hertfordshire CCG,31/07/2018,Clinical&Medical-Independent Sector,ACUTE COMMISSIONING,SPIRE HEALTHCARE LTD,22970057,"124,407.00 ",915970991,06KHPNPF181904
Department of Health,NHS East & North Hertfordshire CCG,31/07/2018,Clinical&Medical-Independent Sector,ACUTE COMMISSIONING,SPIRE HEALTHCARE LTD,23193643,"76,388.12 ",915970991,06KHPNREC181902
Department of Health,NHS East & North Hertfordshire CCG,31/07/2018,C&M-APMS Contract Value,PRC DELEGATED CO-COMMISSIONING,SPRING HOUSE MEDICAL CENTRE,22948231,"81,378.93 ",,HT000036635
Department of Health,NHS East & North Hertfordshire CCG,31/07/2018,C&M-APMS LES Translation Fees,LOCAL ENHANCED SERVICES,SPRING HOUSE MEDICAL CENTRE,22948231,285.48 ,,HT000036635
Department of Health,NHS East & North Hertfordshire CCG,31/07/2018,C&M-APMS Prem Actual Rent,PRC DELEGATED CO-COMMISSIONING,SPRING HOUSE MEDICAL CENTRE,22948231,"26,496.93 ",,HT000036635
Department of Health,NHS East & North Hertfordshire CCG,31/07/2018,C&M-APMS Prem Rates,PRC DELEGATED CO-COMMISSIONING,SPRING HOUSE MEDICAL CENTRE,22948231,"1,644.00 ",,HT000036635
Department of Health,NHS East & North Hertfordshire CCG,31/07/2018,C&M-PMS QOF Aspiration,PRC DELEGATED CO-COMMISSIONING,SPRING HOUSE MEDICAL CENTRE,22948231,"3,162.50 ",,HT000036635
Department of Health,NHS East & North Hertfordshire CCG,31/07/2018,Hcare Srv Rec Fdtn Trust-Non Contract,NCAS/OATS,ST GEORGES UNIVERSITY HOSPITALS NHS FOUNDATION TRUST,23193277,"32,545.77 ",GB654461922,6426162
Department of Health,NHS East & North Hertfordshire CCG,31/07/2018,Hcare Srv Rec Fdtn Trust-Prior Year,REABLEMENT,ST GEORGES UNIVERSITY HOSPITALS NHS FOUNDATION TRUST,23193277,"1,191.83 ",GB654461922,6426162
Department of Health,NHS East & North Hertfordshire CCG,31/07/2018,C&M-GMS DES Minor Surgery,PRC DELEGATED CO-COMMISSIONING,STANHOPE SURGERY,23181319,"1,488.86 ",,HT000036748
Department of Health,NHS East & North Hertfordshire CCG,31/07/2018,C&M-GMS Global Sum,PRC DELEGATED CO-COMMISSIONING,STANHOPE SURGERY,23181319,"40,192.15 ",,HT000036748
Department of Health,NHS East & North Hertfordshire CCG,31/07/2018,C&M-GMS MPIG Correction Factor,PRC DELEGATED CO-COMMISSIONING,STANHOPE SURGERY,23181319,324.12 ,,HT000036748
Department of Health,NHS East & North Hertfordshire CCG,31/07/2018,C&M-GMS Prem Actual Rent,PRC DELEGATED CO-COMMISSIONING,STANHOPE SURGERY,23181319,"4,130.00 ",,HT000036748
Department of Health,NHS East & North Hertfordshire CCG,31/07/2018,C&M-GMS QOF Aspiration,PRC DELEGATED CO-COMMISSIONING,STANHOPE SURGERY,23181319,"3,727.31 ",,HT000036748
Department of Health,NHS East & North Hertfordshire CCG,31/07/2018,C&M-GMS GP Statutory Levy,PRC DELEGATED CO-COMMISSIONING,STANMORE MEDICAL GROUP,23181320,"(3,884.98)",,HT000036749
Department of Health,NHS East & North Hertfordshire CCG,31/07/2018,C&M-GMS Voluntary Levy,PRC DELEGATED CO-COMMISSIONING,STANMORE MEDICAL GROUP,23181320,(441.48),,HT000036749
Department of Health,NHS East & North Hertfordshire CCG,31/07/2018,ME - GMS TPS Added Years Adj EEs,PRC DELEGATED CO-COMMISSIONING,STANMORE MEDICAL GROUP,23181320,"(1,139.54)",,HT000036749
Department of Health,NHS East & North Hertfordshire CCG,31/07/2018,ME-GMS GP Pension EEs,PRC DELEGATED CO-COMMISSIONING,STANMORE MEDICAL GROUP,23181320,"(16,574.70)",,HT000036749
Department of Health,NHS East & North Hertfordshire CCG,31/07/2018,ME-GMS GP Pension ERs Adjustments,PRC DELEGATED CO-COMMISSIONING,STANMORE MEDICAL GROUP,23181320,"(16,828.17)",,HT000036749
Department of Health,NHS East & North Hertfordshire CCG,31/07/2018,C&M-GMS DES Minor Surgery,PRC DELEGATED CO-COMMISSIONING,STANMORE MEDICAL GROUP,23181321,"8,408.88 ",,HT000036750
Department of Health,NHS East & North Hertfordshire CCG,31/07/2018,C&M-GMS Global Sum,PRC DELEGATED CO-COMMISSIONING,STANMORE MEDICAL GROUP,23181321,"223,966.86 ",,HT000036750
Department of Health,NHS East & North Hertfordshire CCG,31/07/2018,C&M-GMS MPIG Correction Factor,PRC DELEGATED CO-COMMISSIONING,STANMORE MEDICAL GROUP,23181321,936.24 ,,HT000036750
Department of Health,NHS East & North Hertfordshire CCG,31/07/2018,C&M-GMS Prem Actual Rent,PRC DELEGATED CO-COMMISSIONING,STANMORE MEDICAL GROUP,23181321,"8,075.00 ",,HT000036750
Department of Health,NHS East & North Hertfordshire CCG,31/07/2018,C&M-GMS Prem Notional Rent,PRC DELEGATED CO-COMMISSIONING,STANMORE MEDICAL GROUP,23181321,"2,441.67 ",,HT000036750
Department of Health,NHS East & North Hertfordshire CCG,31/07/2018,C&M-GMS QOF Aspiration,PRC DELEGATED CO-COMMISSIONING,STANMORE MEDICAL GROUP,23181321,"22,249.47 ",,HT000036750
Department of Health,NHS East & North Hertfordshire CCG,31/07/2018,C&M-GMS DES Learn Dsblty Hlth Chk,PRC DELEGATED CO-COMMISSIONING,STOCKWELL LODGE MEDICAL CENTRE,23181317,"1,400.00 ",,HT000036746
Department of Health,NHS East & North Hertfordshire CCG,31/07/2018,C&M-GMS Global Sum,PRC DELEGATED CO-COMMISSIONING,STOCKWELL LODGE MEDICAL CENTRE,23181317,"72,146.89 ",,HT000036746
Department of Health,NHS East & North Hertfordshire CCG,31/07/2018,C&M-GMS MPIG Correction Factor,PRC DELEGATED CO-COMMISSIONING,STOCKWELL LODGE MEDICAL CENTRE,23181317,646.73 ,,HT000036746
Department of Health,NHS East & North Hertfordshire CCG,31/07/2018,C&M-GMS Prem Notional Rent,PRC DELEGATED CO-COMMISSIONING,STOCKWELL LODGE MEDICAL CENTRE,23181317,"9,583.33 ",,HT000036746
Department of Health,NHS East & North Hertfordshire CCG,31/07/2018,C&M-GMS QOF Aspiration,PRC DELEGATED CO-COMMISSIONING,STOCKWELL LODGE MEDICAL CENTRE,23181317,"6,781.23 ",,HT000036746
Department of Health,NHS East & North Hertfordshire CCG,31/07/2018,C&M-GMS DES Minor Surgery,PRC DELEGATED CO-COMMISSIONING,SURGERY ASTONIA HOUSE,23203344,"3,153.46 ",,HT000036744
Department of Health,NHS East & North Hertfordshire CCG,31/07/2018,C&M-GMS Global Sum,PRC DELEGATED CO-COMMISSIONING,SURGERY ASTONIA HOUSE,23203344,"85,176.00 ",,HT000036744
Department of Health,NHS East & North Hertfordshire CCG,31/07/2018,C&M-GMS MPIG Correction Factor,PRC DELEGATED CO-COMMISSIONING,SURGERY ASTONIA HOUSE,23203344,534.09 ,,HT000036744
Department of Health,NHS East & North Hertfordshire CCG,31/07/2018,C&M-GMS PCO Doctors Ret Scheme,PRC DELEGATED CO-COMMISSIONING,SURGERY ASTONIA HOUSE,23203344,"1,692.20 ",,HT000036744
Department of Health,NHS East & North Hertfordshire CCG,31/07/2018,C&M-GMS PCO Locum Adop/Pat/Mat,PRC DELEGATED CO-COMMISSIONING,SURGERY ASTONIA HOUSE,23203344,"5,202.54 ",,HT000036744
Department of Health,NHS East & North Hertfordshire CCG,31/07/2018,C&M-GMS PCO Other,PRC DELEGATED CO-COMMISSIONING,SURGERY ASTONIA HOUSE,23203344,"7,875.00 ",,HT000036744
Department of Health,NHS East & North Hertfordshire CCG,31/07/2018,C&M-GMS Prem Rates,PRC DELEGATED CO-COMMISSIONING,SURGERY ASTONIA HOUSE,23203344,"1,697.21 ",,HT000036744
Department of Health,NHS East & North Hertfordshire CCG,31/07/2018,C&M-GMS QOF Aspiration,PRC DELEGATED CO-COMMISSIONING,SURGERY ASTONIA HOUSE,23203344,"9,729.83 ",,HT000036744
Department of Health,NHS East & North Hertfordshire CCG,31/07/2018,C&M-GMS DES Learn Dsblty Hlth Chk,PRC DELEGATED CO-COMMISSIONING,SYMONDS GREEN HEALTH CENTRE,23181323,"2,660.00 ",,HT000036752
Department of Health,NHS East & North Hertfordshire CCG,31/07/2018,C&M-GMS DES Minor Surgery,PRC DELEGATED CO-COMMISSIONING,SYMONDS GREEN HEALTH CENTRE,23181323,350.34 ,,HT000036752
Department of Health,NHS East & North Hertfordshire CCG,31/07/2018,C&M-GMS Global Sum,PRC DELEGATED CO-COMMISSIONING,SYMONDS GREEN HEALTH CENTRE,23181323,"29,982.25 ",,HT000036752
Department of Health,NHS East & North Hertfordshire CCG,31/07/2018,C&M-GMS MPIG Correction Factor,PRC DELEGATED CO-COMMISSIONING,SYMONDS GREEN HEALTH CENTRE,23181323,137.57 ,,HT000036752
Department of Health,NHS East & North Hertfordshire CCG,31/07/2018,C&M-GMS QOF Aspiration,PRC DELEGATED CO-COMMISSIONING,SYMONDS GREEN HEALTH CENTRE,23181323,"2,799.76 ",,HT000036752
Department of Health,NHS East & North Hertfordshire CCG,31/07/2018,Hcare Srv Rec Fdtn Trust-Contract Baseline,ACUTE COMMISSIONING,UNIVERSITY COLLEGE LONDON HOSPITALS NHS FOUNDATION TRUST,22880213,"614,646.00 ",654948687,SLA3842
Department of Health,NHS East & North Hertfordshire CCG,31/07/2018,C&M-GMS Global Sum,PRC DELEGATED CO-COMMISSIONING,WALLACE HOUSE SURGERY,23181326,"87,107.71 ",,HT000036756
Department of Health,NHS East & North Hertfordshire CCG,31/07/2018,C&M-GMS MPIG Correction Factor,PRC DELEGATED CO-COMMISSIONING,WALLACE HOUSE SURGERY,23181326,322.01 ,,HT000036756
Department of Health,NHS East & North Hertfordshire CCG,31/07/2018,C&M-GMS PCO Doctors Ret Scheme,PRC DELEGATED CO-COMMISSIONING,WALLACE HOUSE SURGERY,23181326,"1,538.40 ",,HT000036756
Department of Health,NHS East & North Hertfordshire CCG,31/07/2018,C&M-GMS QOF Aspiration,PRC DELEGATED CO-COMMISSIONING,WALLACE HOUSE SURGERY,23181326,"9,621.18 ",,HT000036756
Department of Health,NHS East & North Hertfordshire CCG,31/07/2018,C&M-GMS DES Minor Surgery,PRC DELEGATED CO-COMMISSIONING,WARDEN LODGE MEDICAL PRACTICE,23181328,"2,101.92 ",,HT000036758
Department of Health,NHS East & North Hertfordshire CCG,31/07/2018,C&M-GMS Global Sum,PRC DELEGATED CO-COMMISSIONING,WARDEN LODGE MEDICAL PRACTICE,23181328,"69,030.06 ",,HT000036758
Department of Health,NHS East & North Hertfordshire CCG,31/07/2018,C&M-GMS Other FDR Payment,PRC DELEGATED CO-COMMISSIONING,WARDEN LODGE MEDICAL PRACTICE,23181328,"3,086.39 ",,HT000036758
Department of Health,NHS East & North Hertfordshire CCG,31/07/2018,C&M-GMS PCO Other,PRC DELEGATED CO-COMMISSIONING,WARDEN LODGE MEDICAL PRACTICE,23181328,"6,593.00 ",,HT000036758
Department of Health,NHS East & North Hertfordshire CCG,31/07/2018,C&M-GMS Prem Actual Rent,PRC DELEGATED CO-COMMISSIONING,WARDEN LODGE MEDICAL PRACTICE,23181328,"12,317.50 ",,HT000036758
Department of Health,NHS East & North Hertfordshire CCG,31/07/2018,C&M-GMS Prem Rates,PRC DELEGATED CO-COMMISSIONING,WARDEN LODGE MEDICAL PRACTICE,23181328,"1,915.66 ",,HT000036758
Department of Health,NHS East & North Hertfordshire CCG,31/07/2018,C&M-GMS QOF Aspiration,PRC DELEGATED CO-COMMISSIONING,WARDEN LODGE MEDICAL PRACTICE,23181328,"7,493.89 ",,HT000036758
Department of Health,NHS East & North Hertfordshire CCG,31/07/2018,C&M-GMS Global Sum,PRC DELEGATED CO-COMMISSIONING,WATTON PLACE CLINIC,23181330,"34,308.81 ",,HT000036760
Department of Health,NHS East & North Hertfordshire CCG,31/07/2018,C&M-GMS MPIG Correction Factor,PRC DELEGATED CO-COMMISSIONING,WATTON PLACE CLINIC,23181330,208.54 ,,HT000036760
Department of Health,NHS East & North Hertfordshire CCG,31/07/2018,C&M-GMS Prem Notional Rent,PRC DELEGATED CO-COMMISSIONING,WATTON PLACE CLINIC,23181330,"3,702.50 ",,HT000036760
Department of Health,NHS East & North Hertfordshire CCG,31/07/2018,C&M-GMS QOF Aspiration,PRC DELEGATED CO-COMMISSIONING,WATTON PLACE CLINIC,23181330,"2,926.53 ",,HT000036760
Department of Health,NHS East & North Hertfordshire CCG,31/07/2018,C&M-GMS Cost of Drugs -Dispensing,LOCAL ENHANCED SERVICES,WATTON PLACE CLINIC,23203501,"(49,187.66)",,HT000037040
Department of Health,NHS East & North Hertfordshire CCG,31/07/2018,C&M-GMS PrscChrgsCll&RmttdbyGPCntra,PRC DELEGATED CO-COMMISSIONING,WATTON PLACE CLINIC,23203501,"(5,394.40)",,HT000037040
Department of Health,NHS East & North Hertfordshire CCG,31/07/2018,C&M-GMS Cost of Drugs -Dispensing,LOCAL ENHANCED SERVICES,WATTON PLACE CLINIC,23203502,"97,846.85 ",,HT000037041
Department of Health,NHS East & North Hertfordshire CCG,31/07/2018,C&M-GMS Prof Fees Dispensing,PRC DELEGATED CO-COMMISSIONING,WATTON PLACE CLINIC,23203502,"15,638.12 ",,HT000037041
Department of Health,NHS East & North Hertfordshire CCG,31/07/2018,C&M-GMS PrscrptnChrgsColl&RmttdbyGP,LOCAL ENHANCED SERVICES,WATTON PLACE CLINIC,23203502,"5,394.40 ",,HT000037041
Department of Health,NHS East & North Hertfordshire CCG,31/07/2018,Hcare Srv Rec NHS Trust-Contract Baseline,ACUTE COMMISSIONING,WEST HERTFORDSHIRE HOSPITALS NHS TRUST,22916944,"257,008.72 ",,0000254658
Department of Health,NHS East & North Hertfordshire CCG,31/07/2018,Hcare Srv Rec NHS Trust-Over/ Under Performance,ACUTE COMMISSIONING,WEST HERTFORDSHIRE HOSPITALS NHS TRUST,23056348,"58,826.00 ",,0000251457
Department of Health,NHS East & North Hertfordshire CCG,31/07/2018,Hcare Srv Rec NHS Trust-Over/ Under Performance,ACUTE COMMISSIONING,WEST HERTFORDSHIRE HOSPITALS NHS TRUST,23056349,"34,691.00 ",,0000252711
Department of Health,NHS East & North Hertfordshire CCG,31/07/2018,Hcare Srv Rec NHS Trust-Contract Baseline,ACUTE COMMISSIONING,WHITTINGTON HOSPITAL NHS TRUST (THE),22916983,"29,516.83 ",654948100,00082395
Department of Health,NHS East & North Hertfordshire CCG,31/07/2018,C&M-GMS Cost of Drugs -Dispensing,LOCAL ENHANCED SERVICES,WHITWELL SURGERY,23203498,"32,520.40 ",,HT000037037
Department of Health,NHS East & North Hertfordshire CCG,31/07/2018,C&M-GMS Prof Fees Dispensing,PRC DELEGATED CO-COMMISSIONING,WHITWELL SURGERY,23203498,"7,375.48 ",,HT000037037
Department of Health,NHS East & North Hertfordshire CCG,31/07/2018,C&M-GMS PrscrptnChrgsColl&RmttdbyGP,LOCAL ENHANCED SERVICES,WHITWELL SURGERY,23203498,"1,786.40 ",,HT000037037
Department of Health,NHS East & North Hertfordshire CCG,31/07/2018,C&M-GMS DES Minor Surgery,PRC DELEGATED CO-COMMISSIONING,WRAFTON HOUSE,23181332,"1,226.12 ",,HT000036762
Department of Health,NHS East & North Hertfordshire CCG,31/07/2018,C&M-GMS Global Sum,PRC DELEGATED CO-COMMISSIONING,WRAFTON HOUSE,23181332,"66,725.10 ",,HT000036762
Department of Health,NHS East & North Hertfordshire CCG,31/07/2018,C&M-GMS Prem Rates,PRC DELEGATED CO-COMMISSIONING,WRAFTON HOUSE,23181332,"2,183.83 ",,HT000036762
Department of Health,NHS East & North Hertfordshire CCG,31/07/2018,C&M-GMS QOF Aspiration,PRC DELEGATED CO-COMMISSIONING,WRAFTON HOUSE,23181332,"7,458.56 ",,HT000036762
Department of Health,NHS East & North Hertfordshire CCG,31/07/2018,Cont Care-FNC Client Continence Allow,FUNDED NURSING CARE,WYMONDLEY NURSING & CARE HOME LTD,23075387,952.02 ,,NHS473
Department of Health,NHS East & North Hertfordshire CCG,31/07/2018,Cont Care-Funded Nursing Care Allow,FUNDED NURSING CARE,WYMONDLEY NURSING & CARE HOME LTD,23075387,"32,919.74 ",,NHS473
,,,,,,,,,
,,,,,,,"55,891,421.04 ",,
