A3131 - Expenditure Over Threshold,Unnamed: 1,Unnamed: 2,Unnamed: 3,Unnamed: 4,Unnamed: 5,Unnamed: 6,Unnamed: 7,Unnamed: 8,Unnamed: 9,Unnamed: 10,Unnamed: 11
,,,,,,,,,,,
,,,,,,,,,,,
,,,,,,,,,,,
Time run: 08/07/2019 13:56:25,,,,,,,,,,,
,,,,,,,,,,,
Department family,Entity,Date,Expense Type,Expense area,Supplier,Transaction number,AP Amount (Â£),VAT registration number,Purchase invoice number,,
Department of Health,NHS East & North Hertfordshire CCG,30/06/2019,C&M-APMS Contract Value,PRC DELEGATED CO-COMMISSIONING,12 POINT CARE LTD,27626018,"42,870.96 ",,HT000041644,,
Department of Health,NHS East & North Hertfordshire CCG,30/06/2019,C&M-APMS Prem Actual Rent,PRC DELEGATED CO-COMMISSIONING,12 POINT CARE LTD,27626018,"22,100.00 ",,HT000041644,,
Department of Health,NHS East & North Hertfordshire CCG,30/06/2019,C&M-PMS QOF Achievement,PRC DELEGATED CO-COMMISSIONING,12 POINT CARE LTD,27626018,"22,646.25 ",,HT000041644,,
Department of Health,NHS East & North Hertfordshire CCG,30/06/2019,C&M-PMS QOF Aspiration,PRC DELEGATED CO-COMMISSIONING,12 POINT CARE LTD,27626018,"3,205.01 ",,HT000041644,,
Department of Health,NHS East & North Hertfordshire CCG,30/06/2019,Clinical&Medical-Clinical Other,GP FORWARD VIEW,12 POINT CARE LTD,27638957,"36,742.20 ",,12PCEASAPM09,,
Department of Health,NHS East & North Hertfordshire CCG,30/06/2019,C&M-GMS Global Sum,PRC DELEGATED CO-COMMISSIONING,AMWELL STREET SURGERY,27826630,"84,787.51 ",,HT000041664,,
Department of Health,NHS East & North Hertfordshire CCG,30/06/2019,C&M-GMS MPIG Correction Factor,PRC DELEGATED CO-COMMISSIONING,AMWELL STREET SURGERY,27826630,"1,155.08 ",,HT000041664,,
Department of Health,NHS East & North Hertfordshire CCG,30/06/2019,C&M-GMS PCO Seniority,PRC DELEGATED CO-COMMISSIONING,AMWELL STREET SURGERY,27826630,"3,304.77 ",,HT000041664,,
Department of Health,NHS East & North Hertfordshire CCG,30/06/2019,C&M-GMS Prem Actual Rent,PRC DELEGATED CO-COMMISSIONING,AMWELL STREET SURGERY,27826630,"46,542.00 ",,HT000041664,,
Department of Health,NHS East & North Hertfordshire CCG,30/06/2019,C&M-GMS Prem Rates,PRC DELEGATED CO-COMMISSIONING,AMWELL STREET SURGERY,27826630,"14,994.00 ",,HT000041664,,
Department of Health,NHS East & North Hertfordshire CCG,30/06/2019,C&M-GMS QOF Achievement,PRC DELEGATED CO-COMMISSIONING,AMWELL STREET SURGERY,27826630,"47,815.11 ",,HT000041664,,
Department of Health,NHS East & North Hertfordshire CCG,30/06/2019,C&M-GMS QOF Aspiration,PRC DELEGATED CO-COMMISSIONING,AMWELL STREET SURGERY,27826630,"9,479.70 ",,HT000041664,,
Department of Health,NHS East & North Hertfordshire CCG,30/06/2019,Computer Software/License,PRIMARY CARE IT,ARDENS HEALTH INFORMATICS LTD,27710009,"42,168.56 ",193674175,072,,
Department of Health,NHS East & North Hertfordshire CCG,30/06/2019,Computer Software/License,PRIMARY CARE IT,ARDENS HEALTH INFORMATICS LTD,27710010,"41,103.22 ",193674175,074,,
Department of Health,NHS East & North Hertfordshire CCG,30/06/2019,C&M-GMS Dispensing Quality Sch,PRC DELEGATED CO-COMMISSIONING,ASHWELL SURGERY,27826626,"7,765.80 ",879108291,HT000041660,,
Department of Health,NHS East & North Hertfordshire CCG,30/06/2019,C&M-GMS Global Sum,PRC DELEGATED CO-COMMISSIONING,ASHWELL SURGERY,27826626,"57,946.17 ",879108291,HT000041660,,
Department of Health,NHS East & North Hertfordshire CCG,30/06/2019,C&M-GMS MPIG Correction Factor,PRC DELEGATED CO-COMMISSIONING,ASHWELL SURGERY,27826626,575.40 ,879108291,HT000041660,,
Department of Health,NHS East & North Hertfordshire CCG,30/06/2019,C&M-GMS PCO Seniority,PRC DELEGATED CO-COMMISSIONING,ASHWELL SURGERY,27826626,"1,206.46 ",879108291,HT000041660,,
Department of Health,NHS East & North Hertfordshire CCG,30/06/2019,C&M-GMS Prem Notional Rent,PRC DELEGATED CO-COMMISSIONING,ASHWELL SURGERY,27826626,"7,747.50 ",879108291,HT000041660,,
Department of Health,NHS East & North Hertfordshire CCG,30/06/2019,C&M-GMS Prem Rates,PRC DELEGATED CO-COMMISSIONING,ASHWELL SURGERY,27826626,"3,342.50 ",879108291,HT000041660,,
Department of Health,NHS East & North Hertfordshire CCG,30/06/2019,C&M-GMS QOF Achievement,PRC DELEGATED CO-COMMISSIONING,ASHWELL SURGERY,27826626,"20,548.40 ",879108291,HT000041660,,
Department of Health,NHS East & North Hertfordshire CCG,30/06/2019,C&M-GMS QOF Aspiration,PRC DELEGATED CO-COMMISSIONING,ASHWELL SURGERY,27826626,"4,770.48 ",879108291,HT000041660,,
Department of Health,NHS East & North Hertfordshire CCG,30/06/2019,C&M-GMS Cost of Drugs -Dispensing,LOCAL ENHANCED SERVICES,ASHWELL SURGERY,27850393,"(27,065.44)",879108291,HT000041982,,
Department of Health,NHS East & North Hertfordshire CCG,30/06/2019,C&M-GMS PrscChrgsCll&RmttdbyGPCntra,PRC DELEGATED CO-COMMISSIONING,ASHWELL SURGERY,27850393,"(2,465.20)",879108291,HT000041982,,
Department of Health,NHS East & North Hertfordshire CCG,30/06/2019,C&M-GMS Cost of Drugs -Dispensing,LOCAL ENHANCED SERVICES,ASHWELL SURGERY,27850394,"56,978.77 ",879108291,HT000041983,,
Department of Health,NHS East & North Hertfordshire CCG,30/06/2019,C&M-GMS Prof Fees Dispensing,PRC DELEGATED CO-COMMISSIONING,ASHWELL SURGERY,27850394,"10,686.76 ",879108291,HT000041983,,
Department of Health,NHS East & North Hertfordshire CCG,30/06/2019,C&M-GMS PrscrptnChrgsColl&RmttdbyGP,LOCAL ENHANCED SERVICES,ASHWELL SURGERY,27850394,"2,465.20 ",879108291,HT000041983,,
Department of Health,NHS East & North Hertfordshire CCG,30/06/2019,C&M-GMS LES Care of Older People,LOCAL ENHANCED SERVICES,BANCROFT MEDICAL CENTRE,27793137,"28,507.38 ",,FSEN0619045,,
Department of Health,NHS East & North Hertfordshire CCG,30/06/2019,C&M-GMS GP Statutory Levy,PRC DELEGATED CO-COMMISSIONING,BANCROFT MEDICAL CENTRE,27826721,"(1,929.73)",,HT000041757,,
Department of Health,NHS East & North Hertfordshire CCG,30/06/2019,C&M-GMS QOF Achievement,PRC DELEGATED CO-COMMISSIONING,BANCROFT MEDICAL CENTRE,27826721,"(43,240.90)",,HT000041757,,
Department of Health,NHS East & North Hertfordshire CCG,30/06/2019,C&M-GMS Voluntary Levy,PRC DELEGATED CO-COMMISSIONING,BANCROFT MEDICAL CENTRE,27826721,(219.29),,HT000041757,,
Department of Health,NHS East & North Hertfordshire CCG,30/06/2019,ME-GMS GP Pension EEs,PRC DELEGATED CO-COMMISSIONING,BANCROFT MEDICAL CENTRE,27826721,"(6,329.09)",,HT000041757,,
Department of Health,NHS East & North Hertfordshire CCG,30/06/2019,ME-GMS GP Pension ERs Adjustments,PRC DELEGATED CO-COMMISSIONING,BANCROFT MEDICAL CENTRE,27826721,"(6,815.71)",,HT000041757,,
Department of Health,NHS East & North Hertfordshire CCG,30/06/2019,C&M-GMS Dispensing Quality Sch,PRC DELEGATED CO-COMMISSIONING,BANCROFT MEDICAL CENTRE,27826723,"1,994.34 ",,HT000041758,,
Department of Health,NHS East & North Hertfordshire CCG,30/06/2019,C&M-GMS Global Sum,PRC DELEGATED CO-COMMISSIONING,BANCROFT MEDICAL CENTRE,27826723,"119,031.21 ",,HT000041758,,
Department of Health,NHS East & North Hertfordshire CCG,30/06/2019,C&M-GMS MPIG Correction Factor,PRC DELEGATED CO-COMMISSIONING,BANCROFT MEDICAL CENTRE,27826723,119.68 ,,HT000041758,,
Department of Health,NHS East & North Hertfordshire CCG,30/06/2019,C&M-GMS PCO Seniority,PRC DELEGATED CO-COMMISSIONING,BANCROFT MEDICAL CENTRE,27826723,933.68 ,,HT000041758,,
Department of Health,NHS East & North Hertfordshire CCG,30/06/2019,C&M-GMS QOF Achievement,PRC DELEGATED CO-COMMISSIONING,BANCROFT MEDICAL CENTRE,27826723,"82,707.32 ",,HT000041758,,
Department of Health,NHS East & North Hertfordshire CCG,30/06/2019,C&M-GMS QOF Aspiration,PRC DELEGATED CO-COMMISSIONING,BANCROFT MEDICAL CENTRE,27826723,"10,763.75 ",,HT000041758,,
Department of Health,NHS East & North Hertfordshire CCG,30/06/2019,C&M-GMS Cost of Drugs -Dispensing,LOCAL ENHANCED SERVICES,BANCROFT MEDICAL CENTRE,27850451,"24,152.63 ",,HT000042040,,
Department of Health,NHS East & North Hertfordshire CCG,30/06/2019,C&M-GMS Prof Fees Dispensing,PRC DELEGATED CO-COMMISSIONING,BANCROFT MEDICAL CENTRE,27850451,"3,421.31 ",,HT000042040,,
Department of Health,NHS East & North Hertfordshire CCG,30/06/2019,C&M-GMS PrscrptnChrgsColl&RmttdbyGP,LOCAL ENHANCED SERVICES,BANCROFT MEDICAL CENTRE,27850451,691.20 ,,HT000042040,,
Department of Health,NHS East & North Hertfordshire CCG,30/06/2019,Hcare Srv Rec NHS Trust-Contract Baseline,ACUTE COMMISSIONING,BARKING HAVERING AND REDBRIDGE HOSPITALS NHS TRUST,27543771,"77,497.00 ",654924414,8456968,,
Department of Health,NHS East & North Hertfordshire CCG,30/06/2019,Hcare Srv Rec NHS Trust-Prior Year,ACUTE COMMISSIONING,BARTS HEALTH NHS TRUST,27496154,"193,085.60 ",654947005,372806,,
Department of Health,NHS East & North Hertfordshire CCG,30/06/2019,Hcare Srv Rec NHS Trust-Prior Year,ACUTE COMMISSIONING,BARTS HEALTH NHS TRUST,27561675,"234,434.69 ",654947005,375534,,
Department of Health,NHS East & North Hertfordshire CCG,30/06/2019,Hcare Srv Rec Fdtn Trust-Contract Baseline,ACUTE COMMISSIONING,BASILDON & THURROCK UNIVERSITY HOSPITALS NHS FOUNDATION TRUST,27527101,"43,245.00 ",GB 654911917,0000103425,,
Department of Health,NHS East & North Hertfordshire CCG,30/06/2019,Hcare Srv Rec NHS Trust-Contract Baseline,ACUTE COMMISSIONING,BEDFORD HOSPITAL NHS TRUST,27578976,"36,201.54 ",654912424,I0171352,,
Department of Health,NHS East & North Hertfordshire CCG,30/06/2019,C&M-GMS DES Learn Dsblty Hlth Chk,PRC DELEGATED CO-COMMISSIONING,BEDWELL MEDICAL CENTRE,27826628,"1,260.00 ",,HT000041662,,
Department of Health,NHS East & North Hertfordshire CCG,30/06/2019,C&M-GMS Global Sum,PRC DELEGATED CO-COMMISSIONING,BEDWELL MEDICAL CENTRE,27826628,"88,580.27 ",,HT000041662,,
Department of Health,NHS East & North Hertfordshire CCG,30/06/2019,C&M-GMS PCO Other,PRC DELEGATED CO-COMMISSIONING,BEDWELL MEDICAL CENTRE,27826628,"7,791.00 ",,HT000041662,,
Department of Health,NHS East & North Hertfordshire CCG,30/06/2019,C&M-GMS PCO Seniority,PRC DELEGATED CO-COMMISSIONING,BEDWELL MEDICAL CENTRE,27826628,"1,098.77 ",,HT000041662,,
Department of Health,NHS East & North Hertfordshire CCG,30/06/2019,C&M-GMS Prem Actual Rent,PRC DELEGATED CO-COMMISSIONING,BEDWELL MEDICAL CENTRE,27826628,"22,495.10 ",,HT000041662,,
Department of Health,NHS East & North Hertfordshire CCG,30/06/2019,C&M-GMS Prem Notional Rent,PRC DELEGATED CO-COMMISSIONING,BEDWELL MEDICAL CENTRE,27826628,"3,229.17 ",,HT000041662,,
Department of Health,NHS East & North Hertfordshire CCG,30/06/2019,C&M-GMS Prem Rates,PRC DELEGATED CO-COMMISSIONING,BEDWELL MEDICAL CENTRE,27826628,"3,841.25 ",,HT000041662,,
Department of Health,NHS East & North Hertfordshire CCG,30/06/2019,C&M-GMS Prem Water Rates,PRC DELEGATED CO-COMMISSIONING,BEDWELL MEDICAL CENTRE,27826628,295.26 ,,HT000041662,,
Department of Health,NHS East & North Hertfordshire CCG,30/06/2019,C&M-GMS QOF Achievement,PRC DELEGATED CO-COMMISSIONING,BEDWELL MEDICAL CENTRE,27826628,"41,671.24 ",,HT000041662,,
Department of Health,NHS East & North Hertfordshire CCG,30/06/2019,C&M-GMS QOF Aspiration,PRC DELEGATED CO-COMMISSIONING,BEDWELL MEDICAL CENTRE,27826628,"8,749.55 ",,HT000041662,,
Department of Health,NHS East & North Hertfordshire CCG,30/06/2019,C&M-GMS Global Sum,PRC DELEGATED CO-COMMISSIONING,BIRCHWOOD SURGERY,27826632,"92,012.29 ",,HT000041666,,
Department of Health,NHS East & North Hertfordshire CCG,30/06/2019,C&M-GMS PCO Seniority,PRC DELEGATED CO-COMMISSIONING,BIRCHWOOD SURGERY,27826632,836.05 ,,HT000041666,,
Department of Health,NHS East & North Hertfordshire CCG,30/06/2019,C&M-GMS Prem Actual Rent,PRC DELEGATED CO-COMMISSIONING,BIRCHWOOD SURGERY,27826632,"8,850.00 ",,HT000041666,,
Department of Health,NHS East & North Hertfordshire CCG,30/06/2019,C&M-GMS Prem Rates,PRC DELEGATED CO-COMMISSIONING,BIRCHWOOD SURGERY,27826632,"2,534.00 ",,HT000041666,,
Department of Health,NHS East & North Hertfordshire CCG,30/06/2019,C&M-GMS QOF Achievement,PRC DELEGATED CO-COMMISSIONING,BIRCHWOOD SURGERY,27826632,"32,296.32 ",,HT000041666,,
Department of Health,NHS East & North Hertfordshire CCG,30/06/2019,C&M-GMS QOF Aspiration,PRC DELEGATED CO-COMMISSIONING,BIRCHWOOD SURGERY,27826632,"10,322.72 ",,HT000041666,,
Department of Health,NHS East & North Hertfordshire CCG,30/06/2019,Clinical&Medical-Independent Sector,ACUTE COMMISSIONING,BMI HEALTHCARE LTD,27561855,"170,226.34 ",GB235134980,0000109655,,
Department of Health,NHS East & North Hertfordshire CCG,30/06/2019,Clinical&Medical-Independent Sector,ACUTE COMMISSIONING,BMI HEALTHCARE LTD,27561868,"174,304.62 ",GB235134980,0000109596,,
Department of Health,NHS East & North Hertfordshire CCG,30/06/2019,Clinical&Medical-Independent Sector - Prior Year,ACUTE COMMISSIONING,BMI HEALTHCARE LTD,27788102,"64,313.09 ",GB235134980,0000106830,,
Department of Health,NHS East & North Hertfordshire CCG,30/06/2019,Clinical&Medical-Independent Sector - Prior Year,ACUTE COMMISSIONING,BMI HEALTHCARE LTD,27788122,"102,165.17 ",GB235134980,0000109154,,
Department of Health,NHS East & North Hertfordshire CCG,30/06/2019,Clinical&Medical-Voluntary Sector,COMMUNITY SERVICES,BPAS,27874165,"26,070.13 ",855924881,40977,,
Department of Health,NHS East & North Hertfordshire CCG,30/06/2019,C&M-GMS LES Care of Older People,LOCAL ENHANCED SERVICES,BRIDGE COTTAGE SURGERY,27793141,"26,097.50 ",,FSEN0619049,,
Department of Health,NHS East & North Hertfordshire CCG,30/06/2019,C&M-GMS Global Sum,PRC DELEGATED CO-COMMISSIONING,BRIDGE COTTAGE SURGERY,27849330,"115,465.63 ",,HT000041672,,
Department of Health,NHS East & North Hertfordshire CCG,30/06/2019,C&M-GMS PCO Locum Adop/Pat/Mat,PRC DELEGATED CO-COMMISSIONING,BRIDGE COTTAGE SURGERY,27849330,"1,100.00 ",,HT000041672,,
Department of Health,NHS East & North Hertfordshire CCG,30/06/2019,C&M-GMS PCO Locum Sickness,PRC DELEGATED CO-COMMISSIONING,BRIDGE COTTAGE SURGERY,27849330,"7,290.00 ",,HT000041672,,
Department of Health,NHS East & North Hertfordshire CCG,30/06/2019,C&M-GMS PCO Seniority,PRC DELEGATED CO-COMMISSIONING,BRIDGE COTTAGE SURGERY,27849330,"2,304.98 ",,HT000041672,,
Department of Health,NHS East & North Hertfordshire CCG,30/06/2019,C&M-GMS Prem Notional Rent,PRC DELEGATED CO-COMMISSIONING,BRIDGE COTTAGE SURGERY,27849330,"9,508.33 ",,HT000041672,,
Department of Health,NHS East & North Hertfordshire CCG,30/06/2019,C&M-GMS Prem Rates,PRC DELEGATED CO-COMMISSIONING,BRIDGE COTTAGE SURGERY,27849330,"4,693.50 ",,HT000041672,,
Department of Health,NHS East & North Hertfordshire CCG,30/06/2019,C&M-GMS QOF Achievement,PRC DELEGATED CO-COMMISSIONING,BRIDGE COTTAGE SURGERY,27849330,"41,032.14 ",,HT000041672,,
Department of Health,NHS East & North Hertfordshire CCG,30/06/2019,C&M-GMS QOF Aspiration,PRC DELEGATED CO-COMMISSIONING,BRIDGE COTTAGE SURGERY,27849330,"10,692.81 ",,HT000041672,,
Department of Health,NHS East & North Hertfordshire CCG,30/06/2019,C&M-GMS DES Learn Dsblty Hlth Chk,PRC DELEGATED CO-COMMISSIONING,BUNTINGFORD MEDICAL CENTRE,27826634,"3,780.00 ",,HT000041668,,
Department of Health,NHS East & North Hertfordshire CCG,30/06/2019,C&M-GMS Global Sum,PRC DELEGATED CO-COMMISSIONING,BUNTINGFORD MEDICAL CENTRE,27826634,"53,265.46 ",,HT000041668,,
Department of Health,NHS East & North Hertfordshire CCG,30/06/2019,C&M-GMS PCO Other,PRC DELEGATED CO-COMMISSIONING,BUNTINGFORD MEDICAL CENTRE,27826634,"8,902.00 ",,HT000041668,,
Department of Health,NHS East & North Hertfordshire CCG,30/06/2019,C&M-GMS Prem Rates,PRC DELEGATED CO-COMMISSIONING,BUNTINGFORD MEDICAL CENTRE,27826634,"1,727.25 ",,HT000041668,,
Department of Health,NHS East & North Hertfordshire CCG,30/06/2019,C&M-GMS QOF Achievement,PRC DELEGATED CO-COMMISSIONING,BUNTINGFORD MEDICAL CENTRE,27826634,"25,452.59 ",,HT000041668,,
Department of Health,NHS East & North Hertfordshire CCG,30/06/2019,C&M-GMS QOF Aspiration,PRC DELEGATED CO-COMMISSIONING,BUNTINGFORD MEDICAL CENTRE,27826634,"5,136.81 ",,HT000041668,,
Department of Health,NHS East & North Hertfordshire CCG,30/06/2019,C&M-GMS Global Sum,PRC DELEGATED CO-COMMISSIONING,BURVILL HOUSE SURGERY,27849331,"73,436.15 ",,HT000041670,,
Department of Health,NHS East & North Hertfordshire CCG,30/06/2019,C&M-GMS Other FDR Payment,PRC DELEGATED CO-COMMISSIONING,BURVILL HOUSE SURGERY,27849331,"1,992.95 ",,HT000041670,,
Department of Health,NHS East & North Hertfordshire CCG,30/06/2019,C&M-GMS PCO Doctors Ret Scheme,PRC DELEGATED CO-COMMISSIONING,BURVILL HOUSE SURGERY,27849331,"3,775.40 ",,HT000041670,,
Department of Health,NHS East & North Hertfordshire CCG,30/06/2019,C&M-GMS PCO Seniority,PRC DELEGATED CO-COMMISSIONING,BURVILL HOUSE SURGERY,27849331,"2,319.58 ",,HT000041670,,
Department of Health,NHS East & North Hertfordshire CCG,30/06/2019,C&M-GMS Prem Notional Rent,PRC DELEGATED CO-COMMISSIONING,BURVILL HOUSE SURGERY,27849331,"4,808.33 ",,HT000041670,,
Department of Health,NHS East & North Hertfordshire CCG,30/06/2019,C&M-GMS QOF Achievement,PRC DELEGATED CO-COMMISSIONING,BURVILL HOUSE SURGERY,27849331,"32,734.19 ",,HT000041670,,
Department of Health,NHS East & North Hertfordshire CCG,30/06/2019,C&M-GMS QOF Aspiration,PRC DELEGATED CO-COMMISSIONING,BURVILL HOUSE SURGERY,27849331,"6,690.37 ",,HT000041670,,
Department of Health,NHS East & North Hertfordshire CCG,31/05/2019,Hcare Srv Rec Fdtn Trust-Contract Baseline,ACUTE COMMISSIONING,CAMBRIDGE UNIVERSITY HOSPITALS NHS FOUNDATION TRUST,27422062,"1,414,983.75 ",654910528,70024959,,
Department of Health,NHS East & North Hertfordshire CCG,30/06/2019,Hcare Srv Rec Fdtn Trust-Prior Year,ACUTE COMMISSIONING,CAMBRIDGE UNIVERSITY HOSPITALS NHS FOUNDATION TRUST,27655463,"89,421.30 ",654910528,80218673,,
Department of Health,NHS East & North Hertfordshire CCG,30/06/2019,Cont Care-Learning Disab(<65),CHC ADULT FULLY FUNDED,CANDOUR CARE SERVICES,27509890,"32,351.25 ",,505,,
Department of Health,NHS East & North Hertfordshire CCG,30/06/2019,Cont Care-Physical Disab (<65),CHC ADULT FULLY FUNDED,CANDOUR CARE SERVICES,27683157,"31,307.67 ",,507,,
Department of Health,NHS East & North Hertfordshire CCG,30/06/2019,C&M-GMS Global Sum,PRC DELEGATED CO-COMMISSIONING,CASTLEGATE SURGERY HERTFORD,27826644,"51,950.99 ",,HT000041680,,
Department of Health,NHS East & North Hertfordshire CCG,30/06/2019,C&M-GMS MPIG Correction Factor,PRC DELEGATED CO-COMMISSIONING,CASTLEGATE SURGERY HERTFORD,27826644,53.88 ,,HT000041680,,
Department of Health,NHS East & North Hertfordshire CCG,30/06/2019,C&M-GMS PCO Doctors Ret Scheme,PRC DELEGATED CO-COMMISSIONING,CASTLEGATE SURGERY HERTFORD,27826644,"1,384.60 ",,HT000041680,,
Department of Health,NHS East & North Hertfordshire CCG,30/06/2019,C&M-GMS PCO Seniority,PRC DELEGATED CO-COMMISSIONING,CASTLEGATE SURGERY HERTFORD,27826644,"1,605.93 ",,HT000041680,,
Department of Health,NHS East & North Hertfordshire CCG,30/06/2019,C&M-GMS Prem Other,PRC DELEGATED CO-COMMISSIONING,CASTLEGATE SURGERY HERTFORD,27826644,"1,667.33 ",,HT000041680,,
Department of Health,NHS East & North Hertfordshire CCG,30/06/2019,C&M-GMS Prem Rates,PRC DELEGATED CO-COMMISSIONING,CASTLEGATE SURGERY HERTFORD,27826644,"2,472.75 ",,HT000041680,,
Department of Health,NHS East & North Hertfordshire CCG,30/06/2019,C&M-GMS QOF Achievement,PRC DELEGATED CO-COMMISSIONING,CASTLEGATE SURGERY HERTFORD,27826644,"21,987.94 ",,HT000041680,,
Department of Health,NHS East & North Hertfordshire CCG,30/06/2019,C&M-GMS QOF Aspiration,PRC DELEGATED CO-COMMISSIONING,CASTLEGATE SURGERY HERTFORD,27826644,"4,659.16 ",,HT000041680,,
Department of Health,NHS East & North Hertfordshire CCG,30/06/2019,Computer Hardware Purch,CORPORATE COSTS & SERVICES,CDW,27699629,"41,345.34 ",GB902194939,PSINV02467520,,
Department of Health,NHS East & North Hertfordshire CCG,30/06/2019,C&M-GMS Global Sum,PRC DELEGATED CO-COMMISSIONING,CHELLS WAY SURGERY,27826638,"97,736.38 ",,HT000041674,,
Department of Health,NHS East & North Hertfordshire CCG,30/06/2019,C&M-GMS MPIG Correction Factor,PRC DELEGATED CO-COMMISSIONING,CHELLS WAY SURGERY,27826638,151.94 ,,HT000041674,,
Department of Health,NHS East & North Hertfordshire CCG,30/06/2019,C&M-GMS PCO Seniority,PRC DELEGATED CO-COMMISSIONING,CHELLS WAY SURGERY,27826638,"2,653.30 ",,HT000041674,,
Department of Health,NHS East & North Hertfordshire CCG,30/06/2019,C&M-GMS Prem Rates,PRC DELEGATED CO-COMMISSIONING,CHELLS WAY SURGERY,27826638,"2,346.75 ",,HT000041674,,
Department of Health,NHS East & North Hertfordshire CCG,30/06/2019,C&M-GMS QOF Achievement,PRC DELEGATED CO-COMMISSIONING,CHELLS WAY SURGERY,27826638,"30,221.13 ",,HT000041674,,
Department of Health,NHS East & North Hertfordshire CCG,30/06/2019,C&M-GMS QOF Aspiration,PRC DELEGATED CO-COMMISSIONING,CHELLS WAY SURGERY,27826638,"8,366.50 ",,HT000041674,,
Department of Health,NHS East & North Hertfordshire CCG,30/06/2019,Hcare Srv Rec Fdtn Trust-Contract Baseline,ACUTE COMMISSIONING,CHELSEA AND WESTMINSTER HOSPITAL NHS FOUNDATION TRUST,27579112,"29,346.18 ",654915415,N0032261,,
Department of Health,NHS East & North Hertfordshire CCG,30/06/2019,C&M-GMS LES Care of Older People,LOCAL ENHANCED SERVICES,CHURCH STREET SURGERY BISHOPS STORT,27793139,"26,627.25 ",,FSEN0619047,,
Department of Health,NHS East & North Hertfordshire CCG,30/06/2019,C&M-GMS DES Learn Dsblty Hlth Chk,PRC DELEGATED CO-COMMISSIONING,CHURCH STREET SURGERY BISHOPS STORT,27826640,"7,140.00 ",,HT000041676,,
Department of Health,NHS East & North Hertfordshire CCG,30/06/2019,C&M-GMS Global Sum,PRC DELEGATED CO-COMMISSIONING,CHURCH STREET SURGERY BISHOPS STORT,27826640,"98,652.02 ",,HT000041676,,
Department of Health,NHS East & North Hertfordshire CCG,30/06/2019,C&M-GMS MPIG Correction Factor,PRC DELEGATED CO-COMMISSIONING,CHURCH STREET SURGERY BISHOPS STORT,27826640,318.82 ,,HT000041676,,
Department of Health,NHS East & North Hertfordshire CCG,30/06/2019,C&M-GMS PCO Seniority,PRC DELEGATED CO-COMMISSIONING,CHURCH STREET SURGERY BISHOPS STORT,27826640,685.66 ,,HT000041676,,
Department of Health,NHS East & North Hertfordshire CCG,30/06/2019,C&M-GMS Prem Cost Rent,PRC DELEGATED CO-COMMISSIONING,CHURCH STREET SURGERY BISHOPS STORT,27826640,"6,936.58 ",,HT000041676,,
Department of Health,NHS East & North Hertfordshire CCG,30/06/2019,C&M-GMS Prem Rates,PRC DELEGATED CO-COMMISSIONING,CHURCH STREET SURGERY BISHOPS STORT,27826640,"3,274.25 ",,HT000041676,,
Department of Health,NHS East & North Hertfordshire CCG,30/06/2019,C&M-GMS QOF Achievement,PRC DELEGATED CO-COMMISSIONING,CHURCH STREET SURGERY BISHOPS STORT,27826640,"43,183.57 ",,HT000041676,,
Department of Health,NHS East & North Hertfordshire CCG,30/06/2019,C&M-GMS QOF Aspiration,PRC DELEGATED CO-COMMISSIONING,CHURCH STREET SURGERY BISHOPS STORT,27826640,"9,412.76 ",,HT000041676,,
Department of Health,NHS East & North Hertfordshire CCG,30/06/2019,C&M-GMS Global Sum,PRC DELEGATED CO-COMMISSIONING,CHURCH STREET SURGERY WARE,27826642,"57,841.11 ",,HT000041678,,
Department of Health,NHS East & North Hertfordshire CCG,30/06/2019,C&M-GMS MPIG Correction Factor,PRC DELEGATED CO-COMMISSIONING,CHURCH STREET SURGERY WARE,27826642,420.95 ,,HT000041678,,
Department of Health,NHS East & North Hertfordshire CCG,30/06/2019,C&M-GMS PCO Seniority,PRC DELEGATED CO-COMMISSIONING,CHURCH STREET SURGERY WARE,27826642,"1,062.95 ",,HT000041678,,
Department of Health,NHS East & North Hertfordshire CCG,30/06/2019,C&M-GMS Prem Notional Rent,PRC DELEGATED CO-COMMISSIONING,CHURCH STREET SURGERY WARE,27826642,"6,129.17 ",,HT000041678,,
Department of Health,NHS East & North Hertfordshire CCG,30/06/2019,C&M-GMS Prem Rates,PRC DELEGATED CO-COMMISSIONING,CHURCH STREET SURGERY WARE,27826642,"3,953.25 ",,HT000041678,,
Department of Health,NHS East & North Hertfordshire CCG,30/06/2019,C&M-GMS QOF Achievement,PRC DELEGATED CO-COMMISSIONING,CHURCH STREET SURGERY WARE,27826642,"24,686.53 ",,HT000041678,,
Department of Health,NHS East & North Hertfordshire CCG,30/06/2019,C&M-GMS QOF Aspiration,PRC DELEGATED CO-COMMISSIONING,CHURCH STREET SURGERY WARE,27826642,"6,479.23 ",,HT000041678,,
Department of Health,NHS East & North Hertfordshire CCG,30/06/2019,Computer Software/License,IT MANAGEMENT TEAM,COMPUTACENTER (UK) LTD,27516441,"115,711.31 ",490334648,3881988221,,
Department of Health,NHS East & North Hertfordshire CCG,30/06/2019,C&M-GMS Global Sum,PRC DELEGATED CO-COMMISSIONING,CROMWELL MEDICAL CENTRE,27826646,"53,856.33 ",,HT000041682,,
Department of Health,NHS East & North Hertfordshire CCG,30/06/2019,C&M-GMS PCO Other,PRC DELEGATED CO-COMMISSIONING,CROMWELL MEDICAL CENTRE,27826646,"5,194.00 ",,HT000041682,,
Department of Health,NHS East & North Hertfordshire CCG,30/06/2019,C&M-GMS PCO Seniority,PRC DELEGATED CO-COMMISSIONING,CROMWELL MEDICAL CENTRE,27826646,"1,014.38 ",,HT000041682,,
Department of Health,NHS East & North Hertfordshire CCG,30/06/2019,C&M-GMS Prem Notional Rent,PRC DELEGATED CO-COMMISSIONING,CROMWELL MEDICAL CENTRE,27826646,"5,150.00 ",,HT000041682,,
Department of Health,NHS East & North Hertfordshire CCG,30/06/2019,C&M-GMS Prem Rates,PRC DELEGATED CO-COMMISSIONING,CROMWELL MEDICAL CENTRE,27826646,"7,141.08 ",,HT000041682,,
Department of Health,NHS East & North Hertfordshire CCG,30/06/2019,C&M-GMS Prem Water Rates,PRC DELEGATED CO-COMMISSIONING,CROMWELL MEDICAL CENTRE,27826646,469.07 ,,HT000041682,,
Department of Health,NHS East & North Hertfordshire CCG,30/06/2019,C&M-GMS QOF Achievement,PRC DELEGATED CO-COMMISSIONING,CROMWELL MEDICAL CENTRE,27826646,"26,881.27 ",,HT000041682,,
Department of Health,NHS East & North Hertfordshire CCG,30/06/2019,C&M-GMS QOF Aspiration,PRC DELEGATED CO-COMMISSIONING,CROMWELL MEDICAL CENTRE,27826646,"5,598.80 ",,HT000041682,,
Department of Health,NHS East & North Hertfordshire CCG,30/06/2019,C&M-GMS Global Sum,PRC DELEGATED CO-COMMISSIONING,CUFFLEY & GOFFS OAK MEDICAL PRACTICE,27826648,"89,253.69 ",,HT000041684,,
Department of Health,NHS East & North Hertfordshire CCG,30/06/2019,C&M-GMS PCO Seniority,PRC DELEGATED CO-COMMISSIONING,CUFFLEY & GOFFS OAK MEDICAL PRACTICE,27826648,"1,042.76 ",,HT000041684,,
Department of Health,NHS East & North Hertfordshire CCG,30/06/2019,C&M-GMS Prem Actual Rent,PRC DELEGATED CO-COMMISSIONING,CUFFLEY & GOFFS OAK MEDICAL PRACTICE,27826648,"2,078.01 ",,HT000041684,,
Department of Health,NHS East & North Hertfordshire CCG,30/06/2019,C&M-GMS Prem Rates,PRC DELEGATED CO-COMMISSIONING,CUFFLEY & GOFFS OAK MEDICAL PRACTICE,27826648,"4,270.00 ",,HT000041684,,
Department of Health,NHS East & North Hertfordshire CCG,30/06/2019,C&M-GMS QOF Achievement,PRC DELEGATED CO-COMMISSIONING,CUFFLEY & GOFFS OAK MEDICAL PRACTICE,27826648,"39,776.33 ",,HT000041684,,
Department of Health,NHS East & North Hertfordshire CCG,30/06/2019,C&M-GMS QOF Aspiration,PRC DELEGATED CO-COMMISSIONING,CUFFLEY & GOFFS OAK MEDICAL PRACTICE,27826648,"8,570.28 ",,HT000041684,,
Department of Health,NHS East & North Hertfordshire CCG,30/06/2019,C&M-GMS Global Sum,PRC DELEGATED CO-COMMISSIONING,DOLPHIN HOUSE SURGERY,27826650,"93,961.87 ",,HT000041686,,
Department of Health,NHS East & North Hertfordshire CCG,30/06/2019,C&M-GMS MPIG Correction Factor,PRC DELEGATED CO-COMMISSIONING,DOLPHIN HOUSE SURGERY,27826650,"1,401.57 ",,HT000041686,,
Department of Health,NHS East & North Hertfordshire CCG,30/06/2019,C&M-GMS PCO Seniority,PRC DELEGATED CO-COMMISSIONING,DOLPHIN HOUSE SURGERY,27826650,"4,856.24 ",,HT000041686,,
Department of Health,NHS East & North Hertfordshire CCG,30/06/2019,C&M-GMS Prem Actual Rent,PRC DELEGATED CO-COMMISSIONING,DOLPHIN HOUSE SURGERY,27826650,"2,245.83 ",,HT000041686,,
Department of Health,NHS East & North Hertfordshire CCG,30/06/2019,C&M-GMS Prem Notional Rent,PRC DELEGATED CO-COMMISSIONING,DOLPHIN HOUSE SURGERY,27826650,39.58 ,,HT000041686,,
Department of Health,NHS East & North Hertfordshire CCG,30/06/2019,C&M-GMS QOF Achievement,PRC DELEGATED CO-COMMISSIONING,DOLPHIN HOUSE SURGERY,27826650,"52,589.24 ",,HT000041686,,
Department of Health,NHS East & North Hertfordshire CCG,30/06/2019,C&M-GMS QOF Aspiration,PRC DELEGATED CO-COMMISSIONING,DOLPHIN HOUSE SURGERY,27826650,"11,204.42 ",,HT000041686,,
Department of Health,NHS East & North Hertfordshire CCG,31/05/2019,Hcare Srv Rec NHS Trust-Contract Baseline,ACUTE COMMISSIONING,EAST AND NORTH HERTFORDSHIRE NHS TRUST,27445791,"19,803,002.00 ",654973984,4162891,,
Department of Health,NHS East & North Hertfordshire CCG,30/06/2019,Hcare Srv Rec NHS Trust,AMBULANCE SERVICES,EAST OF ENGLAND AMBULANCE SERVICE NHS TRUST,27510530,"39,528.00 ",654919501,8113913,,
Department of Health,NHS East & North Hertfordshire CCG,30/06/2019,Travel Booking Services,PATIENT TRANSPORT,EAST OF ENGLAND AMBULANCE SERVICE NHS TRUST,27579719,"233,181.00 ",654919501,8114507,,
Department of Health,NHS East & North Hertfordshire CCG,30/06/2019,Hcare Srv Rec NHS Trust-Contract Baseline,AMBULANCE SERVICES,EAST OF ENGLAND AMBULANCE SERVICE NHS TRUST,27579722,"1,815,485.69 ",654919501,8114513,,
Department of Health,NHS East & North Hertfordshire CCG,30/06/2019,Hcare Srv Rec NHS Trust,AMBULANCE SERVICES,EAST OF ENGLAND AMBULANCE SERVICE NHS TRUST,27612342,"39,528.00 ",654919501,8114538,,
Department of Health,NHS East & North Hertfordshire CCG,30/06/2019,Hcare Srv Rec NHS Trust-Contract Baseline,AMBULANCE SERVICES,EAST OF ENGLAND AMBULANCE SERVICE NHS TRUST,27693579,"47,588.00 ",654919501,8114240,,
Department of Health,NHS East & North Hertfordshire CCG,30/06/2019,Hcare Srv Rec NHS Trust-Non Contract,AMBULANCE SERVICES,EAST OF ENGLAND AMBULANCE SERVICE NHS TRUST,27693726,"30,139.90 ",654919501,8114644,,
Department of Health,NHS East & North Hertfordshire CCG,30/06/2019,Clinical&Medical-Clinical Other,GP FORWARD VIEW,EPHEDRA HEALTHCARE LTD,27543681,"37,884.00 ",,EAMAY2019,,
Department of Health,NHS East & North Hertfordshire CCG,30/06/2019,Clinical&Medical-Clinical Other,GP FORWARD VIEW,EPHEDRA HEALTHCARE LTD,27788322,"37,884.00 ",,EAJUNE2019,,
Department of Health,NHS East & North Hertfordshire CCG,30/06/2019,Hcare Srv Rec Fdtn Trust-Prior Year,REABLEMENT,ESSEX PARTNERSHIP UNIVERSITY NHS FT,27579768,"(101,150.00)",GB654974100,C0006431,,
Department of Health,NHS East & North Hertfordshire CCG,30/06/2019,Hcare Srv Rec Fdtn Trust-Contract Cost per Case,COMMUNITY SERVICES,ESSEX PARTNERSHIP UNIVERSITY NHS FT,27612340,"64,828.42 ",GB654974100,I0066230,,
Department of Health,NHS East & North Hertfordshire CCG,30/06/2019,C&M-GMS DES Learn Dsblty Hlth Chk,PRC DELEGATED CO-COMMISSIONING,GARDEN CITY PRACTICE,27826652,140.00 ,,HT000041688,,
Department of Health,NHS East & North Hertfordshire CCG,30/06/2019,C&M-GMS Global Sum,PRC DELEGATED CO-COMMISSIONING,GARDEN CITY PRACTICE,27826652,"66,612.09 ",,HT000041688,,
Department of Health,NHS East & North Hertfordshire CCG,30/06/2019,C&M-GMS Other FDR Payment,PRC DELEGATED CO-COMMISSIONING,GARDEN CITY PRACTICE,27826652,"3,028.70 ",,HT000041688,,
Department of Health,NHS East & North Hertfordshire CCG,30/06/2019,C&M-GMS PCO Seniority,PRC DELEGATED CO-COMMISSIONING,GARDEN CITY PRACTICE,27826652,"1,586.75 ",,HT000041688,,
Department of Health,NHS East & North Hertfordshire CCG,30/06/2019,C&M-GMS Prem Actual Rent,PRC DELEGATED CO-COMMISSIONING,GARDEN CITY PRACTICE,27826652,"1,030.00 ",,HT000041688,,
Department of Health,NHS East & North Hertfordshire CCG,30/06/2019,C&M-GMS Prem Notional Rent,PRC DELEGATED CO-COMMISSIONING,GARDEN CITY PRACTICE,27826652,"2,471.25 ",,HT000041688,,
Department of Health,NHS East & North Hertfordshire CCG,30/06/2019,C&M-GMS QOF Achievement,PRC DELEGATED CO-COMMISSIONING,GARDEN CITY PRACTICE,27826652,"26,319.66 ",,HT000041688,,
Department of Health,NHS East & North Hertfordshire CCG,30/06/2019,C&M-GMS QOF Aspiration,PRC DELEGATED CO-COMMISSIONING,GARDEN CITY PRACTICE,27826652,"6,033.43 ",,HT000041688,,
Department of Health,NHS East & North Hertfordshire CCG,30/06/2019,C&M-GMS DES Learn Dsblty Hlth Chk,PRC DELEGATED CO-COMMISSIONING,GARDEN CITY SURGERY,27826654,840.00 ,,HT000041690,,
Department of Health,NHS East & North Hertfordshire CCG,30/06/2019,C&M-GMS Global Sum,PRC DELEGATED CO-COMMISSIONING,GARDEN CITY SURGERY,27826654,"50,082.43 ",,HT000041690,,
Department of Health,NHS East & North Hertfordshire CCG,30/06/2019,C&M-GMS MPIG Correction Factor,PRC DELEGATED CO-COMMISSIONING,GARDEN CITY SURGERY,27826654,530.71 ,,HT000041690,,
Department of Health,NHS East & North Hertfordshire CCG,30/06/2019,C&M-GMS PCO Seniority,PRC DELEGATED CO-COMMISSIONING,GARDEN CITY SURGERY,27826654,"1,117.57 ",,HT000041690,,
Department of Health,NHS East & North Hertfordshire CCG,30/06/2019,C&M-GMS Prem Notional Rent,PRC DELEGATED CO-COMMISSIONING,GARDEN CITY SURGERY,27826654,"2,495.83 ",,HT000041690,,
Department of Health,NHS East & North Hertfordshire CCG,30/06/2019,C&M-GMS Prem Rates,PRC DELEGATED CO-COMMISSIONING,GARDEN CITY SURGERY,27826654,"3,844.75 ",,HT000041690,,
Department of Health,NHS East & North Hertfordshire CCG,30/06/2019,C&M-GMS QOF Achievement,PRC DELEGATED CO-COMMISSIONING,GARDEN CITY SURGERY,27826654,"25,818.42 ",,HT000041690,,
Department of Health,NHS East & North Hertfordshire CCG,30/06/2019,C&M-GMS QOF Aspiration,PRC DELEGATED CO-COMMISSIONING,GARDEN CITY SURGERY,27826654,"4,908.21 ",,HT000041690,,
Department of Health,NHS East & North Hertfordshire CCG,30/06/2019,C&M-APMS Contract Value,PRC DELEGATED CO-COMMISSIONING,GENERATING HEALTHCARE LTD,27626016,"23,747.60 ",,HT000041640,,
Department of Health,NHS East & North Hertfordshire CCG,30/06/2019,C&M-APMS Prem Actual Rent,PRC DELEGATED CO-COMMISSIONING,GENERATING HEALTHCARE LTD,27626016,"2,232.08 ",,HT000041640,,
Department of Health,NHS East & North Hertfordshire CCG,30/06/2019,C&M-PMS QOF Achievement,PRC DELEGATED CO-COMMISSIONING,GENERATING HEALTHCARE LTD,27626016,"9,577.74 ",,HT000041640,,
Department of Health,NHS East & North Hertfordshire CCG,30/06/2019,C&M-PMS QOF Aspiration,PRC DELEGATED CO-COMMISSIONING,GENERATING HEALTHCARE LTD,27626016,"1,859.74 ",,HT000041640,,
Department of Health,NHS East & North Hertfordshire CCG,30/06/2019,C&M-APMS Contract Value,PRC DELEGATED CO-COMMISSIONING,GENERATING HEALTHCARE LTD,27626017,"42,109.72 ",,HT000041638,,
Department of Health,NHS East & North Hertfordshire CCG,30/06/2019,C&M-PMS QOF Achievement,PRC DELEGATED CO-COMMISSIONING,GENERATING HEALTHCARE LTD,27626017,"13,071.25 ",,HT000041638,,
Department of Health,NHS East & North Hertfordshire CCG,30/06/2019,C&M-PMS QOF Aspiration,PRC DELEGATED CO-COMMISSIONING,GENERATING HEALTHCARE LTD,27626017,"2,744.43 ",,HT000041638,,
Department of Health,NHS East & North Hertfordshire CCG,30/06/2019,Clinical&Medical-Clinical Other,GP FORWARD VIEW,GENERATING HEALTHCARE LTD,27638874,"34,667.00 ",,638,,
Department of Health,NHS East & North Hertfordshire CCG,30/06/2019,Hcare Srv Rec Fdtn Trust-Contract Baseline,ACUTE COMMISSIONING,GREAT ORMOND STREET HOSPITAL FOR CHILDREN NHS FOUNDATION TRUST,27543748,"52,591.92 ",654922910,X0214271,,
Department of Health,NHS East & North Hertfordshire CCG,30/06/2019,Hcare Srv Rec Fdtn Trust-Contract Baseline,ACUTE COMMISSIONING,GUYS & ST THOMAS HOSPITAL NHS FOUNDATION TRUST,27579037,"195,381.00 ",654923417,3264065,,
Department of Health,NHS East & North Hertfordshire CCG,30/06/2019,C&M-GMS Global Sum,PRC DELEGATED CO-COMMISSIONING,HAILEY VIEW SURGERY,27826656,"55,717.11 ",,HT000041692,,
Department of Health,NHS East & North Hertfordshire CCG,30/06/2019,C&M-GMS MPIG Correction Factor,PRC DELEGATED CO-COMMISSIONING,HAILEY VIEW SURGERY,27826656,14.40 ,,HT000041692,,
Department of Health,NHS East & North Hertfordshire CCG,30/06/2019,C&M-GMS PCO Doctors Ret Scheme,PRC DELEGATED CO-COMMISSIONING,HAILEY VIEW SURGERY,27826656,"1,384.56 ",,HT000041692,,
Department of Health,NHS East & North Hertfordshire CCG,30/06/2019,C&M-GMS PCO Seniority,PRC DELEGATED CO-COMMISSIONING,HAILEY VIEW SURGERY,27826656,"1,498.68 ",,HT000041692,,
Department of Health,NHS East & North Hertfordshire CCG,30/06/2019,C&M-GMS Prem Rates,PRC DELEGATED CO-COMMISSIONING,HAILEY VIEW SURGERY,27826656,"4,340.00 ",,HT000041692,,
Department of Health,NHS East & North Hertfordshire CCG,30/06/2019,C&M-GMS QOF Achievement,PRC DELEGATED CO-COMMISSIONING,HAILEY VIEW SURGERY,27826656,"25,935.54 ",,HT000041692,,
Department of Health,NHS East & North Hertfordshire CCG,30/06/2019,C&M-GMS QOF Aspiration,PRC DELEGATED CO-COMMISSIONING,HAILEY VIEW SURGERY,27826656,"6,679.70 ",,HT000041692,,
Department of Health,NHS East & North Hertfordshire CCG,30/06/2019,C&M-GMS LES Care of Older People,LOCAL ENHANCED SERVICES,HALL GROVE SURGERY,27793140,"26,238.88 ",,FSEN0619048,,
Department of Health,NHS East & North Hertfordshire CCG,30/06/2019,C&M-GMS GP Statutory Levy,PRC DELEGATED CO-COMMISSIONING,HALL GROVE SURGERY,27826659,"(1,776.17)",,HT000041695,,
Department of Health,NHS East & North Hertfordshire CCG,30/06/2019,C&M-GMS Prem Rates,PRC DELEGATED CO-COMMISSIONING,HALL GROVE SURGERY,27826659,"(1,229.25)",,HT000041695,,
Department of Health,NHS East & North Hertfordshire CCG,30/06/2019,C&M-GMS Voluntary Levy,PRC DELEGATED CO-COMMISSIONING,HALL GROVE SURGERY,27826659,(201.84),,HT000041695,,
Department of Health,NHS East & North Hertfordshire CCG,30/06/2019,ME - GMS TPS Added Years Adj EEs,PRC DELEGATED CO-COMMISSIONING,HALL GROVE SURGERY,27826659,(866.17),,HT000041695,,
Department of Health,NHS East & North Hertfordshire CCG,30/06/2019,ME-GMS GP Pension EEs,PRC DELEGATED CO-COMMISSIONING,HALL GROVE SURGERY,27826659,"(10,606.75)",,HT000041695,,
Department of Health,NHS East & North Hertfordshire CCG,30/06/2019,ME-GMS GP Pension ERs Adjustments,PRC DELEGATED CO-COMMISSIONING,HALL GROVE SURGERY,27826659,"(10,875.49)",,HT000041695,,
Department of Health,NHS East & North Hertfordshire CCG,30/06/2019,C&M-GMS Global Sum,PRC DELEGATED CO-COMMISSIONING,HALL GROVE SURGERY,27826660,"114,095.00 ",,HT000041696,,
Department of Health,NHS East & North Hertfordshire CCG,30/06/2019,C&M-GMS PCO Seniority,PRC DELEGATED CO-COMMISSIONING,HALL GROVE SURGERY,27826660,"3,918.04 ",,HT000041696,,
Department of Health,NHS East & North Hertfordshire CCG,30/06/2019,C&M-GMS Prem Notional Rent,PRC DELEGATED CO-COMMISSIONING,HALL GROVE SURGERY,27826660,"7,737.50 ",,HT000041696,,
Department of Health,NHS East & North Hertfordshire CCG,30/06/2019,C&M-GMS Prem Rates,PRC DELEGATED CO-COMMISSIONING,HALL GROVE SURGERY,27826660,"2,868.25 ",,HT000041696,,
Department of Health,NHS East & North Hertfordshire CCG,30/06/2019,C&M-GMS QOF Achievement,PRC DELEGATED CO-COMMISSIONING,HALL GROVE SURGERY,27826660,"54,200.66 ",,HT000041696,,
Department of Health,NHS East & North Hertfordshire CCG,30/06/2019,C&M-GMS QOF Aspiration,PRC DELEGATED CO-COMMISSIONING,HALL GROVE SURGERY,27826660,"12,035.11 ",,HT000041696,,
Department of Health,NHS East & North Hertfordshire CCG,30/06/2019,C&M-GMS Global Sum,PRC DELEGATED CO-COMMISSIONING,HANSCOMBE HOUSE SURGERY,27826662,"70,476.90 ",,HT000041698,,
Department of Health,NHS East & North Hertfordshire CCG,30/06/2019,C&M-GMS MPIG Correction Factor,PRC DELEGATED CO-COMMISSIONING,HANSCOMBE HOUSE SURGERY,27826662,136.98 ,,HT000041698,,
Department of Health,NHS East & North Hertfordshire CCG,30/06/2019,C&M-GMS PCO Seniority,PRC DELEGATED CO-COMMISSIONING,HANSCOMBE HOUSE SURGERY,27826662,"2,411.68 ",,HT000041698,,
Department of Health,NHS East & North Hertfordshire CCG,30/06/2019,C&M-GMS Prem Actual Rent,PRC DELEGATED CO-COMMISSIONING,HANSCOMBE HOUSE SURGERY,27826662,"5,614.33 ",,HT000041698,,
Department of Health,NHS East & North Hertfordshire CCG,30/06/2019,C&M-GMS Prem Rates,PRC DELEGATED CO-COMMISSIONING,HANSCOMBE HOUSE SURGERY,27826662,"4,894.75 ",,HT000041698,,
Department of Health,NHS East & North Hertfordshire CCG,30/06/2019,C&M-GMS QOF Achievement,PRC DELEGATED CO-COMMISSIONING,HANSCOMBE HOUSE SURGERY,27826662,"28,717.41 ",,HT000041698,,
Department of Health,NHS East & North Hertfordshire CCG,30/06/2019,C&M-GMS QOF Aspiration,PRC DELEGATED CO-COMMISSIONING,HANSCOMBE HOUSE SURGERY,27826662,"6,372.16 ",,HT000041698,,
Department of Health,NHS East & North Hertfordshire CCG,30/06/2019,Cont Care- Prior Year Payments,CHC ADULT FULLY FUNDED,HC ONE OVAL LTD,27496167,"74,252.00 ",218 770886,IWDVMAR2019,,
Department of Health,NHS East & North Hertfordshire CCG,30/06/2019,Cont Care-FNC Client Continence Allow,FUNDED NURSING CARE,HC ONE OVAL LTD,27683239,"1,088.70 ",218 770886,STC058032TOSTC058100,,
Department of Health,NHS East & North Hertfordshire CCG,30/06/2019,Cont Care-Funded Nursing Care Allow,FUNDED NURSING CARE,HC ONE OVAL LTD,27683239,"50,159.40 ",218 770886,STC058032TOSTC058100,,
Department of Health,NHS East & North Hertfordshire CCG,30/06/2019,Cont Care- Adult 100% Fully Funded,CHC ADULT FULLY FUNDED,HC ONE OVAL LTD,27838305,"3,525.85 ",218 770886,ISCHAPR19,,
Department of Health,NHS East & North Hertfordshire CCG,30/06/2019,Cont Care-Physical Disab (65+),CHC ADULT FULLY FUNDED,HC ONE OVAL LTD,27838305,"54,052.94 ",218 770886,ISCHAPR19,,
Department of Health,NHS East & North Hertfordshire CCG,30/06/2019,Cont Care-Physical Disab (65+),CHC ADULT FULLY FUNDED,HC ONE OVAL LTD,27874096,"52,960.72 ",218 770886,IWDVAPR2019,,
Department of Health,NHS East & North Hertfordshire CCG,30/06/2019,Cont Care-Physical Disab (<65),CHC ADULT FULLY FUNDED,HC ONE OVAL LTD,27874096,"3,111.04 ",218 770886,IWDVAPR2019,,
Department of Health,NHS East & North Hertfordshire CCG,30/06/2019,Hcare Srv Rec NHS Trust-Prior Year,REABLEMENT,HERTFORDSHIRE COMMUNITY NHS TRUST,27612307,"31,220.00 ",654 4402 89,H0003937,,
Department of Health,NHS East & North Hertfordshire CCG,30/06/2019,Hcare Srv Rec NHS Trust-Contract Baseline,COMMUNITY SERVICES,HERTFORDSHIRE COMMUNITY NHS TRUST,27693652,"4,020,010.00 ",654 4402 89,H0003900,,
Department of Health,NHS East & North Hertfordshire CCG,30/06/2019,Hcare Srv Rec NHS Trust-Contract Baseline,COMMUNITY SERVICES,HERTFORDSHIRE COMMUNITY NHS TRUST,27820996,"(109,269.06)",654 4402 89,Y0000391,,
Department of Health,NHS East & North Hertfordshire CCG,30/06/2019,Hcare Srv Rec NHS Trust-Contract Baseline,COMMUNITY SERVICES,HERTFORDSHIRE COMMUNITY NHS TRUST,27820997,"(28,893.00)",654 4402 89,Y0000379,,
Department of Health,NHS East & North Hertfordshire CCG,30/06/2019,Clinical&Medical-Othe Public Sector,MENTAL HEALTH SERVICES - COLLABORATIVE COMMISSIONING,HERTFORDSHIRE COUNTY COUNCIL,27527077,"8,374,173.00 ",GB214527877,1802747987,,
Department of Health,NHS East & North Hertfordshire CCG,30/06/2019,Clinical&Medical-Othe Public Sector,CARERS,HERTFORDSHIRE COUNTY COUNCIL,27804627,"25,460.00 ",GB214527877,1802747984,,
Department of Health,NHS East & North Hertfordshire CCG,30/06/2019,Clinical&Medical-Othe Public Sector,INTERMEDIATE CARE,HERTFORDSHIRE COUNTY COUNCIL,27804627,"156,080.00 ",GB214527877,1802747984,,
Department of Health,NHS East & North Hertfordshire CCG,30/06/2019,Seconded-Basic Sal-Staff fm oth org,OPERATIONS MANAGEMENT,HERTFORDSHIRE COUNTY COUNCIL,27804627,"4,776.00 ",GB214527877,1802747984,,
Department of Health,NHS East & North Hertfordshire CCG,30/06/2019,Soc Care-Other Soc Care,LONG TERM CONDITIONS,HERTFORDSHIRE COUNTY COUNCIL,27804627,"1,194,705.00 ",GB214527877,1802747984,,
Department of Health,NHS East & North Hertfordshire CCG,30/06/2019,Seconded-Basic Sal-Staff fm oth org,NURSING DIRECTORATE,HERTFORDSHIRE COUNTY COUNCIL,27857161,"38,029.20 ",GB214527877,1802719987,,
Department of Health,NHS East & North Hertfordshire CCG,30/06/2019,Cont Care- Prior Year Payments,CHC CHILDREN,HERTFORDSHIRE COUNTY COUNCIL,27874004,"428,393.40 ",GB214527877,1802716575,,
Department of Health,NHS East & North Hertfordshire CCG,30/06/2019,Clinical&Medical-Independent Sector,NHS 111,HERTS URGENT CARE,27612328,"120,244.60 ",210815253,0000004944,,
Department of Health,NHS East & North Hertfordshire CCG,30/06/2019,Clinical&Medical-Independent Sector,COMMISSIONING SCHEMES,HERTS URGENT CARE,27612332,"118,069.52 ",210815253,0000004945,,
Department of Health,NHS East & North Hertfordshire CCG,30/06/2019,Clinical&Medical-Independent Sector,NHS 111,HERTS URGENT CARE,27612332,"21,387.99 ",210815253,0000004945,,
Department of Health,NHS East & North Hertfordshire CCG,30/06/2019,Clinical&Medical-Independent Sector,OUT OF HOURS,HERTS URGENT CARE,27612332,"390,268.68 ",210815253,0000004945,,
Department of Health,NHS East & North Hertfordshire CCG,30/06/2019,Clinical&Medical-Independent Sector,URGENT CARE,HERTS URGENT CARE,27612334,"69,780.79 ",210815253,0000004946,,
Department of Health,NHS East & North Hertfordshire CCG,30/06/2019,C&M-GMS Global Sum,PRC DELEGATED CO-COMMISSIONING,HIGH ST SURGERY,27826664,"36,536.17 ",,HT000041700,,
Department of Health,NHS East & North Hertfordshire CCG,30/06/2019,C&M-GMS LES Translation Fees,LOCAL ENHANCED SERVICES,HIGH ST SURGERY,27826664,215.10 ,,HT000041700,,
Department of Health,NHS East & North Hertfordshire CCG,30/06/2019,C&M-GMS Prem Actual Rent,PRC DELEGATED CO-COMMISSIONING,HIGH ST SURGERY,27826664,"8,110.00 ",,HT000041700,,
Department of Health,NHS East & North Hertfordshire CCG,30/06/2019,C&M-GMS Prem Rates,PRC DELEGATED CO-COMMISSIONING,HIGH ST SURGERY,27826664,"2,126.25 ",,HT000041700,,
Department of Health,NHS East & North Hertfordshire CCG,30/06/2019,C&M-GMS QOF Achievement,PRC DELEGATED CO-COMMISSIONING,HIGH ST SURGERY,27826664,"16,869.04 ",,HT000041700,,
Department of Health,NHS East & North Hertfordshire CCG,30/06/2019,C&M-GMS QOF Aspiration,PRC DELEGATED CO-COMMISSIONING,HIGH ST SURGERY,27826664,"4,009.29 ",,HT000041700,,
Department of Health,NHS East & North Hertfordshire CCG,30/06/2019,Clinical&Medical-Independent Sector,ACUTE COMMISSIONING,HOLLY HOUSE HOSPITAL,27788206,"30,835.62 ",,06K061912TH,,
Department of Health,NHS East & North Hertfordshire CCG,30/06/2019,Hcare Srv Rec Fdtn Trust-Non Contract,NCAS/OATS,HOMERTON UNIVERSITY HOSPITAL NHS FOUNDATION TRUST,27543730,"26,665.63 ",654965884,61293893,,
Department of Health,NHS East & North Hertfordshire CCG,30/06/2019,Hcare Srv Rec Fdtn Trust-Contract Baseline,ACUTE COMMISSIONING,HOMERTON UNIVERSITY HOSPITAL NHS FOUNDATION TRUST,27838308,"26,694.30 ",654965884,61294142,,
Department of Health,NHS East & North Hertfordshire CCG,30/06/2019,Hcare Srv Rec Fdtn Trust-Prior Year,NCAS/OATS,HOMERTON UNIVERSITY HOSPITAL NHS FOUNDATION TRUST,27895695,"36,586.07 ",654965884,61281206,,
Department of Health,NHS East & North Hertfordshire CCG,30/06/2019,External Consultancy Fees,ADHOC BUSINESS,INSIGHT DIRECT (UK) LTD,27892243,"132,000.00 ",746 0751 29,5529367,,
Department of Health,NHS East & North Hertfordshire CCG,30/06/2019,Netwrkd assets(Owned)-Cost-Addns,BALANCE SHEET,INSIGHT DIRECT (UK) LTD,27892244,"596,070.00 ",746 0751 29,5529201,,
Department of Health,NHS East & North Hertfordshire CCG,30/06/2019,C&M-GMS GP Statutory Levy,PRC DELEGATED CO-COMMISSIONING,KELLER P & PARTNERS,27826665,"(1,372.03)",,HT000041701,,
Department of Health,NHS East & North Hertfordshire CCG,30/06/2019,C&M-GMS Voluntary Levy,PRC DELEGATED CO-COMMISSIONING,KELLER P & PARTNERS,27826665,(155.91),,HT000041701,,
Department of Health,NHS East & North Hertfordshire CCG,30/06/2019,ME - GMS GP Prior Year ERs,PRC DELEGATED CO-COMMISSIONING,KELLER P & PARTNERS,27826665,"(7,135.08)",,HT000041701,,
Department of Health,NHS East & North Hertfordshire CCG,30/06/2019,ME-GMS GP Pension EEs,PRC DELEGATED CO-COMMISSIONING,KELLER P & PARTNERS,27826665,"(5,126.35)",,HT000041701,,
Department of Health,NHS East & North Hertfordshire CCG,30/06/2019,ME-GMS GP Pension ERs Adjustments,PRC DELEGATED CO-COMMISSIONING,KELLER P & PARTNERS,27826665,"(5,599.88)",,HT000041701,,
Department of Health,NHS East & North Hertfordshire CCG,30/06/2019,ME-GMS GP Prior Year EEs,PRC DELEGATED CO-COMMISSIONING,KELLER P & PARTNERS,27826665,"(6,225.06)",,HT000041701,,
Department of Health,NHS East & North Hertfordshire CCG,30/06/2019,C&M-GMS DES Learn Dsblty Hlth Chk,PRC DELEGATED CO-COMMISSIONING,KELLER P & PARTNERS,27826666,"1,120.00 ",,HT000041702,,
Department of Health,NHS East & North Hertfordshire CCG,30/06/2019,C&M-GMS Global Sum,PRC DELEGATED CO-COMMISSIONING,KELLER P & PARTNERS,27826666,"88,264.58 ",,HT000041702,,
Department of Health,NHS East & North Hertfordshire CCG,30/06/2019,C&M-GMS PCO Doctors Ret Scheme,PRC DELEGATED CO-COMMISSIONING,KELLER P & PARTNERS,27826666,"1,384.56 ",,HT000041702,,
Department of Health,NHS East & North Hertfordshire CCG,30/06/2019,C&M-GMS PCO Other,PRC DELEGATED CO-COMMISSIONING,KELLER P & PARTNERS,27826666,"7,646.00 ",,HT000041702,,
Department of Health,NHS East & North Hertfordshire CCG,30/06/2019,C&M-GMS PCO Seniority,PRC DELEGATED CO-COMMISSIONING,KELLER P & PARTNERS,27826666,907.33 ,,HT000041702,,
Department of Health,NHS East & North Hertfordshire CCG,30/06/2019,C&M-GMS Prem Notional Rent,PRC DELEGATED CO-COMMISSIONING,KELLER P & PARTNERS,27826666,"5,375.00 ",,HT000041702,,
Department of Health,NHS East & North Hertfordshire CCG,30/06/2019,C&M-GMS Prem Water Rates,PRC DELEGATED CO-COMMISSIONING,KELLER P & PARTNERS,27826666,858.82 ,,HT000041702,,
Department of Health,NHS East & North Hertfordshire CCG,30/06/2019,C&M-GMS QOF Achievement,PRC DELEGATED CO-COMMISSIONING,KELLER P & PARTNERS,27826666,"38,589.64 ",,HT000041702,,
Department of Health,NHS East & North Hertfordshire CCG,30/06/2019,C&M-GMS QOF Aspiration,PRC DELEGATED CO-COMMISSIONING,KELLER P & PARTNERS,27826666,"8,306.06 ",,HT000041702,,
Department of Health,NHS East & North Hertfordshire CCG,30/06/2019,C&M-GMS LES Care of Older People,LOCAL ENHANCED SERVICES,KING GEORGE SURGERY,27793142,"25,198.88 ",,FSEN0619050,,
Department of Health,NHS East & North Hertfordshire CCG,30/06/2019,C&M-GMS Dispensing Quality Sch,PRC DELEGATED CO-COMMISSIONING,KING GEORGE SURGERY,27826668,"2,071.74 ",,HT000041704,,
Department of Health,NHS East & North Hertfordshire CCG,30/06/2019,C&M-GMS Global Sum,PRC DELEGATED CO-COMMISSIONING,KING GEORGE SURGERY,27826668,"104,272.33 ",,HT000041704,,
Department of Health,NHS East & North Hertfordshire CCG,30/06/2019,C&M-GMS PCO Seniority,PRC DELEGATED CO-COMMISSIONING,KING GEORGE SURGERY,27826668,"2,733.03 ",,HT000041704,,
Department of Health,NHS East & North Hertfordshire CCG,30/06/2019,C&M-GMS Prem Actual Rent,PRC DELEGATED CO-COMMISSIONING,KING GEORGE SURGERY,27826668,465.83 ,,HT000041704,,
Department of Health,NHS East & North Hertfordshire CCG,30/06/2019,C&M-GMS Prem Rates,PRC DELEGATED CO-COMMISSIONING,KING GEORGE SURGERY,27826668,"4,564.00 ",,HT000041704,,
Department of Health,NHS East & North Hertfordshire CCG,30/06/2019,C&M-GMS QOF Achievement,PRC DELEGATED CO-COMMISSIONING,KING GEORGE SURGERY,27826668,"46,416.41 ",,HT000041704,,
Department of Health,NHS East & North Hertfordshire CCG,30/06/2019,C&M-GMS QOF Aspiration,PRC DELEGATED CO-COMMISSIONING,KING GEORGE SURGERY,27826668,"10,300.11 ",,HT000041704,,
Department of Health,NHS East & North Hertfordshire CCG,30/06/2019,C&M-GMS Cost of Drugs -Dispensing,LOCAL ENHANCED SERVICES,KING GEORGE SURGERY,27850418,"30,070.64 ",,HT000042007,,
Department of Health,NHS East & North Hertfordshire CCG,30/06/2019,C&M-GMS Prof Fees Dispensing,PRC DELEGATED CO-COMMISSIONING,KING GEORGE SURGERY,27850418,"4,980.68 ",,HT000042007,,
Department of Health,NHS East & North Hertfordshire CCG,30/06/2019,C&M-GMS PrscrptnChrgsColl&RmttdbyGP,LOCAL ENHANCED SERVICES,KING GEORGE SURGERY,27850418,207.00 ,,HT000042007,,
Department of Health,NHS East & North Hertfordshire CCG,30/06/2019,Hcare Srv Rec Fdtn Trust-Contract Baseline,ACUTE COMMISSIONING,KING`S COLLEGE HOSPITAL NHS FOUNDATION TRUST,27579003,"27,092.00 ",654926800,00271029,,
Department of Health,NHS East & North Hertfordshire CCG,30/06/2019,C&M-GMS DES Learn Dsblty Hlth Chk,PRC DELEGATED CO-COMMISSIONING,KNEBWORTH AND MARYMEAD PRACTICE,27826670,"6,860.00 ",,HT000041706,,
Department of Health,NHS East & North Hertfordshire CCG,30/06/2019,C&M-GMS Global Sum,PRC DELEGATED CO-COMMISSIONING,KNEBWORTH AND MARYMEAD PRACTICE,27826670,"88,055.40 ",,HT000041706,,
Department of Health,NHS East & North Hertfordshire CCG,30/06/2019,C&M-GMS PCO Seniority,PRC DELEGATED CO-COMMISSIONING,KNEBWORTH AND MARYMEAD PRACTICE,27826670,"1,406.83 ",,HT000041706,,
Department of Health,NHS East & North Hertfordshire CCG,30/06/2019,C&M-GMS Prem Actual Rent,PRC DELEGATED CO-COMMISSIONING,KNEBWORTH AND MARYMEAD PRACTICE,27826670,"11,000.00 ",,HT000041706,,
Department of Health,NHS East & North Hertfordshire CCG,30/06/2019,C&M-GMS Prem Notional Rent,PRC DELEGATED CO-COMMISSIONING,KNEBWORTH AND MARYMEAD PRACTICE,27826670,"2,770.83 ",,HT000041706,,
Department of Health,NHS East & North Hertfordshire CCG,30/06/2019,C&M-GMS Prem Rates,PRC DELEGATED CO-COMMISSIONING,KNEBWORTH AND MARYMEAD PRACTICE,27826670,"2,577.75 ",,HT000041706,,
Department of Health,NHS East & North Hertfordshire CCG,30/06/2019,C&M-GMS QOF Achievement,PRC DELEGATED CO-COMMISSIONING,KNEBWORTH AND MARYMEAD PRACTICE,27826670,"47,411.98 ",,HT000041706,,
Department of Health,NHS East & North Hertfordshire CCG,30/06/2019,C&M-GMS QOF Aspiration,PRC DELEGATED CO-COMMISSIONING,KNEBWORTH AND MARYMEAD PRACTICE,27826670,"9,818.55 ",,HT000041706,,
Department of Health,NHS East & North Hertfordshire CCG,30/06/2019,C&M-APMS Contract Value,PRC DELEGATED CO-COMMISSIONING,LEA VALLEY HEALTH LTD,27626015,"71,146.19 ",,HT000041642,,
Department of Health,NHS East & North Hertfordshire CCG,30/06/2019,C&M-APMS Prem Rates,PRC DELEGATED CO-COMMISSIONING,LEA VALLEY HEALTH LTD,27626015,"1,522.00 ",,HT000041642,,
Department of Health,NHS East & North Hertfordshire CCG,30/06/2019,C&M-PMS QOF Achievement,PRC DELEGATED CO-COMMISSIONING,LEA VALLEY HEALTH LTD,27626015,"30,246.75 ",,HT000041642,,
Department of Health,NHS East & North Hertfordshire CCG,30/06/2019,C&M-PMS QOF Aspiration,PRC DELEGATED CO-COMMISSIONING,LEA VALLEY HEALTH LTD,27626015,"5,879.80 ",,HT000041642,,
Department of Health,NHS East & North Hertfordshire CCG,30/06/2019,C&M-GMS Global Sum,PRC DELEGATED CO-COMMISSIONING,LISTER HOUSE SURGERY HATFIELD,27826672,"91,152.99 ",,HT000041708,,
Department of Health,NHS East & North Hertfordshire CCG,30/06/2019,C&M-GMS PCO Other,PRC DELEGATED CO-COMMISSIONING,LISTER HOUSE SURGERY HATFIELD,27826672,"7,818.00 ",,HT000041708,,
Department of Health,NHS East & North Hertfordshire CCG,30/06/2019,C&M-GMS PCO Seniority,PRC DELEGATED CO-COMMISSIONING,LISTER HOUSE SURGERY HATFIELD,27826672,"3,322.56 ",,HT000041708,,
Department of Health,NHS East & North Hertfordshire CCG,30/06/2019,C&M-GMS Prem Notional Rent,PRC DELEGATED CO-COMMISSIONING,LISTER HOUSE SURGERY HATFIELD,27826672,"10,333.33 ",,HT000041708,,
Department of Health,NHS East & North Hertfordshire CCG,30/06/2019,C&M-GMS QOF Achievement,PRC DELEGATED CO-COMMISSIONING,LISTER HOUSE SURGERY HATFIELD,27826672,"37,153.20 ",,HT000041708,,
Department of Health,NHS East & North Hertfordshire CCG,30/06/2019,C&M-GMS QOF Aspiration,PRC DELEGATED CO-COMMISSIONING,LISTER HOUSE SURGERY HATFIELD,27826672,"8,372.41 ",,HT000041708,,
Department of Health,NHS East & North Hertfordshire CCG,30/06/2019,Hcare Srv Rec NHS Trust-Contract Baseline,ACUTE COMMISSIONING,LONDON NORTH WEST HEALTHCARE NHS TRUST,27561663,"63,485.00 ",654463720,A0054577,,
Department of Health,NHS East & North Hertfordshire CCG,30/06/2019,Hcare Srv Rec Fdtn Trust-Contract Baseline,ACUTE COMMISSIONING,LUTON & DUNSTABLE HOSPITAL NHS FOUNDATION TRUST,27579271,"209,407.17 ",654929007,52997059,,
Department of Health,NHS East & North Hertfordshire CCG,30/06/2019,C&M-GMS Global Sum,PRC DELEGATED CO-COMMISSIONING,MANOR HOUSE SURGERY STEVENAGE,27826674,"36,350.50 ",,HT000041710,,
Department of Health,NHS East & North Hertfordshire CCG,30/06/2019,C&M-GMS MPIG Correction Factor,PRC DELEGATED CO-COMMISSIONING,MANOR HOUSE SURGERY STEVENAGE,27826674,310.04 ,,HT000041710,,
Department of Health,NHS East & North Hertfordshire CCG,30/06/2019,C&M-GMS PCO Seniority,PRC DELEGATED CO-COMMISSIONING,MANOR HOUSE SURGERY STEVENAGE,27826674,938.83 ,,HT000041710,,
Department of Health,NHS East & North Hertfordshire CCG,30/06/2019,C&M-GMS Prem Rates,PRC DELEGATED CO-COMMISSIONING,MANOR HOUSE SURGERY STEVENAGE,27826674,491.00 ,,HT000041710,,
Department of Health,NHS East & North Hertfordshire CCG,30/06/2019,C&M-GMS QOF Achievement,PRC DELEGATED CO-COMMISSIONING,MANOR HOUSE SURGERY STEVENAGE,27826674,"11,888.54 ",,HT000041710,,
Department of Health,NHS East & North Hertfordshire CCG,30/06/2019,C&M-GMS QOF Aspiration,PRC DELEGATED CO-COMMISSIONING,MANOR HOUSE SURGERY STEVENAGE,27826674,"2,756.38 ",,HT000041710,,
Department of Health,NHS East & North Hertfordshire CCG,30/06/2019,C&M-GMS DES Learn Dsblty Hlth Chk,PRC DELEGATED CO-COMMISSIONING,MAPLES HEALTH CENTRE,27826676,"3,500.00 ",,HT000041712,,
Department of Health,NHS East & North Hertfordshire CCG,30/06/2019,C&M-GMS Global Sum,PRC DELEGATED CO-COMMISSIONING,MAPLES HEALTH CENTRE,27826676,"78,135.19 ",,HT000041712,,
Department of Health,NHS East & North Hertfordshire CCG,30/06/2019,C&M-GMS MPIG Correction Factor,PRC DELEGATED CO-COMMISSIONING,MAPLES HEALTH CENTRE,27826676,159.63 ,,HT000041712,,
Department of Health,NHS East & North Hertfordshire CCG,30/06/2019,C&M-GMS PCO Seniority,PRC DELEGATED CO-COMMISSIONING,MAPLES HEALTH CENTRE,27826676,895.33 ,,HT000041712,,
Department of Health,NHS East & North Hertfordshire CCG,30/06/2019,C&M-GMS QOF Achievement,PRC DELEGATED CO-COMMISSIONING,MAPLES HEALTH CENTRE,27826676,"28,637.78 ",,HT000041712,,
Department of Health,NHS East & North Hertfordshire CCG,30/06/2019,C&M-GMS QOF Aspiration,PRC DELEGATED CO-COMMISSIONING,MAPLES HEALTH CENTRE,27826676,"6,802.86 ",,HT000041712,,
Department of Health,NHS East & North Hertfordshire CCG,30/06/2019,Hcare Srv Rec NHS Trust-Contract Baseline,ACUTE COMMISSIONING,MID ESSEX HOSPITALS SERVICES NHS TRUST,27561963,"107,661.00 ",654930128,2000112289,,
Department of Health,NHS East & North Hertfordshire CCG,30/06/2019,Clinical&Medical-Independent Sector,WHEELCHAIR SERVICE,MILLBROOK HEALTHCARE LTD,27683147,"123,108.05 ",GB675991080,23031,,
Department of Health,NHS East & North Hertfordshire CCG,30/06/2019,Hcare Srv Rec Fdtn Trust-Contract Baseline,ACUTE COMMISSIONING,MOORFIELDS EYE HOSPITAL NHS FOUNDATION TRUST,27579061,"404,948.00 ",654930716,IC0037878,,
Department of Health,NHS East & North Hertfordshire CCG,30/06/2019,C&M-GMS DES Learn Dsblty Hlth Chk,PRC DELEGATED CO-COMMISSIONING,MUCH HADHAM HLTH CNTRE,27826680,"5,880.00 ",876631000,HT000041716,,
Department of Health,NHS East & North Hertfordshire CCG,30/06/2019,C&M-GMS Dispensing Quality Sch,PRC DELEGATED CO-COMMISSIONING,MUCH HADHAM HLTH CNTRE,27826680,"14,891.76 ",876631000,HT000041716,,
Department of Health,NHS East & North Hertfordshire CCG,30/06/2019,C&M-GMS Global Sum,PRC DELEGATED CO-COMMISSIONING,MUCH HADHAM HLTH CNTRE,27826680,"49,714.78 ",876631000,HT000041716,,
Department of Health,NHS East & North Hertfordshire CCG,30/06/2019,C&M-GMS PCO Seniority,PRC DELEGATED CO-COMMISSIONING,MUCH HADHAM HLTH CNTRE,27826680,"2,344.92 ",876631000,HT000041716,,
Department of Health,NHS East & North Hertfordshire CCG,30/06/2019,C&M-GMS Prem Actual Rent,PRC DELEGATED CO-COMMISSIONING,MUCH HADHAM HLTH CNTRE,27826680,"7,198.00 ",876631000,HT000041716,,
Department of Health,NHS East & North Hertfordshire CCG,30/06/2019,C&M-GMS Prem Notional Rent,PRC DELEGATED CO-COMMISSIONING,MUCH HADHAM HLTH CNTRE,27826680,650.00 ,876631000,HT000041716,,
Department of Health,NHS East & North Hertfordshire CCG,30/06/2019,C&M-GMS Prem Rates,PRC DELEGATED CO-COMMISSIONING,MUCH HADHAM HLTH CNTRE,27826680,"1,330.00 ",876631000,HT000041716,,
Department of Health,NHS East & North Hertfordshire CCG,30/06/2019,C&M-GMS QOF Achievement,PRC DELEGATED CO-COMMISSIONING,MUCH HADHAM HLTH CNTRE,27826680,"22,194.55 ",876631000,HT000041716,,
Department of Health,NHS East & North Hertfordshire CCG,30/06/2019,C&M-GMS QOF Aspiration,PRC DELEGATED CO-COMMISSIONING,MUCH HADHAM HLTH CNTRE,27826680,"5,135.55 ",876631000,HT000041716,,
Department of Health,NHS East & North Hertfordshire CCG,30/06/2019,C&M-GMS Cost of Drugs -Dispensing,LOCAL ENHANCED SERVICES,MUCH HADHAM HLTH CNTRE,27850422,"(60,576.20)",876631000,HT000042011,,
Department of Health,NHS East & North Hertfordshire CCG,30/06/2019,C&M-GMS PrscChrgsCll&RmttdbyGPCntra,PRC DELEGATED CO-COMMISSIONING,MUCH HADHAM HLTH CNTRE,27850422,"(4,308.20)",876631000,HT000042011,,
Department of Health,NHS East & North Hertfordshire CCG,30/06/2019,C&M-GMS Cost of Drugs -Dispensing,LOCAL ENHANCED SERVICES,MUCH HADHAM HLTH CNTRE,27850423,"117,025.02 ",876631000,HT000042012,,
Department of Health,NHS East & North Hertfordshire CCG,30/06/2019,C&M-GMS Prof Fees Dispensing,PRC DELEGATED CO-COMMISSIONING,MUCH HADHAM HLTH CNTRE,27850423,"20,506.03 ",876631000,HT000042012,,
Department of Health,NHS East & North Hertfordshire CCG,30/06/2019,C&M-GMS PrscrptnChrgsColl&RmttdbyGP,LOCAL ENHANCED SERVICES,MUCH HADHAM HLTH CNTRE,27850423,"4,308.20 ",876631000,HT000042012,,
Department of Health,NHS East & North Hertfordshire CCG,30/06/2019,C&M-GMS DES Learn Dsblty Hlth Chk,PRC DELEGATED CO-COMMISSIONING,NEVELLS ROAD SURGERY,27826678,"1,400.00 ",,HT000041714,,
Department of Health,NHS East & North Hertfordshire CCG,30/06/2019,C&M-GMS Global Sum,PRC DELEGATED CO-COMMISSIONING,NEVELLS ROAD SURGERY,27826678,"74,250.27 ",,HT000041714,,
Department of Health,NHS East & North Hertfordshire CCG,30/06/2019,C&M-GMS PCO Seniority,PRC DELEGATED CO-COMMISSIONING,NEVELLS ROAD SURGERY,27826678,"1,919.58 ",,HT000041714,,
Department of Health,NHS East & North Hertfordshire CCG,30/06/2019,C&M-GMS Prem Actual Rent,PRC DELEGATED CO-COMMISSIONING,NEVELLS ROAD SURGERY,27826678,162.50 ,,HT000041714,,
Department of Health,NHS East & North Hertfordshire CCG,30/06/2019,C&M-GMS Prem Notional Rent,PRC DELEGATED CO-COMMISSIONING,NEVELLS ROAD SURGERY,27826678,"1,166.67 ",,HT000041714,,
Department of Health,NHS East & North Hertfordshire CCG,30/06/2019,C&M-GMS QOF Achievement,PRC DELEGATED CO-COMMISSIONING,NEVELLS ROAD SURGERY,27826678,"37,226.83 ",,HT000041714,,
Department of Health,NHS East & North Hertfordshire CCG,30/06/2019,C&M-GMS QOF Aspiration,PRC DELEGATED CO-COMMISSIONING,NEVELLS ROAD SURGERY,27826678,"8,193.53 ",,HT000041714,,
Department of Health,NHS East & North Hertfordshire CCG,30/06/2019,Chrgs from SLA,HUMAN RESOURCES,NHS HERTS VALLEYS CCG,27720947,"92,103.50 ",,7021201244,,
Department of Health,NHS East & North Hertfordshire CCG,30/06/2019,Hcare Srv Rec NHS CCG-Prior Year,REABLEMENT,NHS HERTS VALLEYS CCG,27820995,"463,000.00 ",,7021201245,,
Department of Health,NHS East & North Hertfordshire CCG,30/06/2019,Non-PFI Oprtng Lease-Bldgs-Lease Rent,PRC DELEGATED CO-COMMISSIONING,NHS PROPERTY SERVICES LTD,27895744,"49,097.25 ",156725100,H187739,,
Department of Health,NHS East & North Hertfordshire CCG,30/06/2019,Cont Care-Physical Disab (65+),CHC ADULT FULLY FUNDED,NIGHTINGALE NURSING HOME,27510403,"46,042.86 ",,NNH1976,,
Department of Health,NHS East & North Hertfordshire CCG,30/06/2019,Hcare Srv Rec NHS Trust-Contract Baseline,ACUTE COMMISSIONING,NORTH MIDDLESEX UNIVERSITY HOSPITAL NHS TRUST,27579015,"691,614.00 ",654946204,055988,,
Department of Health,NHS East & North Hertfordshire CCG,30/06/2019,Hcare Srv Rec NHS Trust-Over/ Under Performance,ACUTE COMMISSIONING,NORTH MIDDLESEX UNIVERSITY HOSPITAL NHS TRUST,27683028,"110,106.00 ",654946204,053947,,
Department of Health,NHS East & North Hertfordshire CCG,30/06/2019,Hcare Srv Rec NHS Trust-Prior Year,ACUTE COMMISSIONING,NORTH MIDDLESEX UNIVERSITY HOSPITAL NHS TRUST,27683096,"55,033.00 ",654946204,056108,,
Department of Health,NHS East & North Hertfordshire CCG,30/06/2019,Hcare Srv Rec NHS Trust-Over/ Under Performance,ACUTE COMMISSIONING,NORTH MIDDLESEX UNIVERSITY HOSPITAL NHS TRUST,27683999,"130,017.00 ",654946204,050983,,
Department of Health,NHS East & North Hertfordshire CCG,30/06/2019,Hcare Srv Rec Fdtn Trust-Prior Year,NCAS/OATS,OXFORD UNIVERSITY HOSPITALS NHS FOUNDATION TRUST,27543668,"28,805.23 ",654935407,8300267,,
Department of Health,NHS East & North Hertfordshire CCG,30/06/2019,C&M-GMS DES Learn Dsblty Hlth Chk,PRC DELEGATED CO-COMMISSIONING,PARK GREEN SURGERY BROXBOURNE,27826682,"3,360.00 ",,HT000041718,,
Department of Health,NHS East & North Hertfordshire CCG,30/06/2019,C&M-GMS Global Sum,PRC DELEGATED CO-COMMISSIONING,PARK GREEN SURGERY BROXBOURNE,27826682,"69,804.39 ",,HT000041718,,
Department of Health,NHS East & North Hertfordshire CCG,30/06/2019,C&M-GMS MPIG Correction Factor,PRC DELEGATED CO-COMMISSIONING,PARK GREEN SURGERY BROXBOURNE,27826682,311.21 ,,HT000041718,,
Department of Health,NHS East & North Hertfordshire CCG,30/06/2019,C&M-GMS PCO Seniority,PRC DELEGATED CO-COMMISSIONING,PARK GREEN SURGERY BROXBOURNE,27826682,"2,866.17 ",,HT000041718,,
Department of Health,NHS East & North Hertfordshire CCG,30/06/2019,C&M-GMS Prem Notional Rent,PRC DELEGATED CO-COMMISSIONING,PARK GREEN SURGERY BROXBOURNE,27826682,"7,445.83 ",,HT000041718,,
Department of Health,NHS East & North Hertfordshire CCG,30/06/2019,C&M-GMS QOF Achievement,PRC DELEGATED CO-COMMISSIONING,PARK GREEN SURGERY BROXBOURNE,27826682,"33,198.97 ",,HT000041718,,
Department of Health,NHS East & North Hertfordshire CCG,30/06/2019,C&M-GMS QOF Aspiration,PRC DELEGATED CO-COMMISSIONING,PARK GREEN SURGERY BROXBOURNE,27826682,"7,291.52 ",,HT000041718,,
Department of Health,NHS East & North Hertfordshire CCG,30/06/2019,C&M-GMS Global Sum,PRC DELEGATED CO-COMMISSIONING,PARSONAGE SURGERY,27826684,"37,028.85 ",,HT000041720,,
Department of Health,NHS East & North Hertfordshire CCG,30/06/2019,C&M-GMS MPIG Correction Factor,PRC DELEGATED CO-COMMISSIONING,PARSONAGE SURGERY,27826684,381.11 ,,HT000041720,,
Department of Health,NHS East & North Hertfordshire CCG,30/06/2019,C&M-GMS PCO Seniority,PRC DELEGATED CO-COMMISSIONING,PARSONAGE SURGERY,27826684,612.70 ,,HT000041720,,
Department of Health,NHS East & North Hertfordshire CCG,30/06/2019,C&M-GMS Prem Actual Rent,PRC DELEGATED CO-COMMISSIONING,PARSONAGE SURGERY,27826684,"7,562.50 ",,HT000041720,,
Department of Health,NHS East & North Hertfordshire CCG,30/06/2019,C&M-GMS QOF Achievement,PRC DELEGATED CO-COMMISSIONING,PARSONAGE SURGERY,27826684,"16,825.89 ",,HT000041720,,
Department of Health,NHS East & North Hertfordshire CCG,30/06/2019,C&M-GMS QOF Aspiration,PRC DELEGATED CO-COMMISSIONING,PARSONAGE SURGERY,27826684,"3,502.90 ",,HT000041720,,
Department of Health,NHS East & North Hertfordshire CCG,30/06/2019,C&M-GMS LES Care of Older People,LOCAL ENHANCED SERVICES,PEARTREE GROUP PRACTICE,27793135,"33,720.38 ",,FSEN0619043,,
Department of Health,NHS East & North Hertfordshire CCG,30/06/2019,C&M-GMS Global Sum,PRC DELEGATED CO-COMMISSIONING,PEARTREE GROUP PRACTICE,27826720,"140,111.91 ",,HT000041756,,
Department of Health,NHS East & North Hertfordshire CCG,30/06/2019,C&M-GMS PCO Seniority,PRC DELEGATED CO-COMMISSIONING,PEARTREE GROUP PRACTICE,27826720,"2,324.60 ",,HT000041756,,
Department of Health,NHS East & North Hertfordshire CCG,30/06/2019,C&M-GMS Prem Notional Rent,PRC DELEGATED CO-COMMISSIONING,PEARTREE GROUP PRACTICE,27826720,"13,953.33 ",,HT000041756,,
Department of Health,NHS East & North Hertfordshire CCG,30/06/2019,C&M-GMS Prem Rates,PRC DELEGATED CO-COMMISSIONING,PEARTREE GROUP PRACTICE,27826720,"6,125.00 ",,HT000041756,,
Department of Health,NHS East & North Hertfordshire CCG,30/06/2019,C&M-GMS QOF Achievement,PRC DELEGATED CO-COMMISSIONING,PEARTREE GROUP PRACTICE,27826720,"64,708.87 ",,HT000041756,,
Department of Health,NHS East & North Hertfordshire CCG,30/06/2019,C&M-GMS QOF Aspiration,PRC DELEGATED CO-COMMISSIONING,PEARTREE GROUP PRACTICE,27826720,"14,658.46 ",,HT000041756,,
Department of Health,NHS East & North Hertfordshire CCG,30/06/2019,Clinical&Medical-Independent Sector,ACUTE COMMISSIONING,PINEHILL HOSPITAL,27561904,"650,818.00 ",GB426505170 1,ENHCCGPINJUN19,,
Department of Health,NHS East & North Hertfordshire CCG,30/06/2019,Cont Care-Physical Disab (65+),CHC ADULT FULLY FUNDED,PINELODGE CARE HOME,27510389,"87,710.71 ",,PN1979,,
Department of Health,NHS East & North Hertfordshire CCG,30/06/2019,Cont Care-Physical Disab (<65),CHC ADULT FULLY FUNDED,PINELODGE CARE HOME,27510389,"10,628.58 ",,PN1979,,
Department of Health,NHS East & North Hertfordshire CCG,30/06/2019,Cont Care- Prior Year Payments,FUNDED NURSING CARE,PINELODGE CARE HOME,27510397,"44,228.24 ",,PN1974,,
Department of Health,NHS East & North Hertfordshire CCG,30/06/2019,Cont Care-FNC Client Continence Allow,FUNDED NURSING CARE,PINELODGE CARE HOME,27510401,"1,359.82 ",,PN1981,,
Department of Health,NHS East & North Hertfordshire CCG,30/06/2019,Cont Care-Funded Nursing Care Allow,FUNDED NURSING CARE,PINELODGE CARE HOME,27510401,"48,019.36 ",,PN1981,,
Department of Health,NHS East & North Hertfordshire CCG,30/06/2019,C&M-GMS DES Learn Dsblty Hlth Chk,PRC DELEGATED CO-COMMISSIONING,PORTMILL SURGERY,27826686,"1,960.00 ",,HT000041722,,
Department of Health,NHS East & North Hertfordshire CCG,30/06/2019,C&M-GMS DES Violent Patients,PRC DELEGATED CO-COMMISSIONING,PORTMILL SURGERY,27826686,"5,458.33 ",,HT000041722,,
Department of Health,NHS East & North Hertfordshire CCG,30/06/2019,C&M-GMS Global Sum,PRC DELEGATED CO-COMMISSIONING,PORTMILL SURGERY,27826686,"96,886.43 ",,HT000041722,,
Department of Health,NHS East & North Hertfordshire CCG,30/06/2019,C&M-GMS PCO Seniority,PRC DELEGATED CO-COMMISSIONING,PORTMILL SURGERY,27826686,"1,628.34 ",,HT000041722,,
Department of Health,NHS East & North Hertfordshire CCG,30/06/2019,C&M-GMS Prem Rates,PRC DELEGATED CO-COMMISSIONING,PORTMILL SURGERY,27826686,"11,389.00 ",,HT000041722,,
Department of Health,NHS East & North Hertfordshire CCG,30/06/2019,C&M-GMS QOF Achievement,PRC DELEGATED CO-COMMISSIONING,PORTMILL SURGERY,27826686,"38,772.45 ",,HT000041722,,
Department of Health,NHS East & North Hertfordshire CCG,30/06/2019,C&M-GMS QOF Aspiration,PRC DELEGATED CO-COMMISSIONING,PORTMILL SURGERY,27826686,"8,717.07 ",,HT000041722,,
Department of Health,NHS East & North Hertfordshire CCG,30/06/2019,C&M-GMS LES Care of Older People,LOCAL ENHANCED SERVICES,POTTERELLS MEDICAL CENTRE,27793138,"27,917.50 ",,FSEN0619046,,
Department of Health,NHS East & North Hertfordshire CCG,30/06/2019,C&M-GMS Global Sum,PRC DELEGATED CO-COMMISSIONING,POTTERELLS MEDICAL CENTRE,27849329,"103,701.77 ",,HT000041724,,
Department of Health,NHS East & North Hertfordshire CCG,30/06/2019,C&M-GMS MPIG Correction Factor,PRC DELEGATED CO-COMMISSIONING,POTTERELLS MEDICAL CENTRE,27849329,742.16 ,,HT000041724,,
Department of Health,NHS East & North Hertfordshire CCG,30/06/2019,C&M-GMS PCO Locum Sickness,PRC DELEGATED CO-COMMISSIONING,POTTERELLS MEDICAL CENTRE,27849329,"3,503.04 ",,HT000041724,,
Department of Health,NHS East & North Hertfordshire CCG,30/06/2019,C&M-GMS PCO Other,PRC DELEGATED CO-COMMISSIONING,POTTERELLS MEDICAL CENTRE,27849329,"10,323.00 ",,HT000041724,,
Department of Health,NHS East & North Hertfordshire CCG,30/06/2019,C&M-GMS PCO Seniority,PRC DELEGATED CO-COMMISSIONING,POTTERELLS MEDICAL CENTRE,27849329,"3,138.46 ",,HT000041724,,
Department of Health,NHS East & North Hertfordshire CCG,30/06/2019,C&M-GMS Prem Notional Rent,PRC DELEGATED CO-COMMISSIONING,POTTERELLS MEDICAL CENTRE,27849329,"5,583.33 ",,HT000041724,,
Department of Health,NHS East & North Hertfordshire CCG,30/06/2019,C&M-GMS Prem Rates,PRC DELEGATED CO-COMMISSIONING,POTTERELLS MEDICAL CENTRE,27849329,"2,534.00 ",,HT000041724,,
Department of Health,NHS East & North Hertfordshire CCG,30/06/2019,C&M-GMS QOF Achievement,PRC DELEGATED CO-COMMISSIONING,POTTERELLS MEDICAL CENTRE,27849329,"31,614.92 ",,HT000041724,,
Department of Health,NHS East & North Hertfordshire CCG,30/06/2019,C&M-GMS QOF Aspiration,PRC DELEGATED CO-COMMISSIONING,POTTERELLS MEDICAL CENTRE,27849329,"6,916.56 ",,HT000041724,,
Department of Health,NHS East & North Hertfordshire CCG,31/05/2019,Hcare Srv Rec NHS Trust-Contract Baseline,ACUTE COMMISSIONING,PRINCESS ALEXANDRA HOSPITAL NHS TRUST (THE),27487162,"5,552,426.43 ",,BL190302,,
Department of Health,NHS East & North Hertfordshire CCG,30/06/2019,C&M-GMS DES Learn Dsblty Hlth Chk,PRC DELEGATED CO-COMMISSIONING,PUCKERIDGE & STANDON SURGERY,27826691,"3,920.00 ",,HT000041728,,
Department of Health,NHS East & North Hertfordshire CCG,30/06/2019,C&M-GMS Global Sum,PRC DELEGATED CO-COMMISSIONING,PUCKERIDGE & STANDON SURGERY,27826691,"64,400.46 ",,HT000041728,,
Department of Health,NHS East & North Hertfordshire CCG,30/06/2019,C&M-GMS PCO Other,PRC DELEGATED CO-COMMISSIONING,PUCKERIDGE & STANDON SURGERY,27826691,"10,925.00 ",,HT000041728,,
Department of Health,NHS East & North Hertfordshire CCG,30/06/2019,C&M-GMS PCO Seniority,PRC DELEGATED CO-COMMISSIONING,PUCKERIDGE & STANDON SURGERY,27826691,"1,531.67 ",,HT000041728,,
Department of Health,NHS East & North Hertfordshire CCG,30/06/2019,C&M-GMS Prem Notional Rent,PRC DELEGATED CO-COMMISSIONING,PUCKERIDGE & STANDON SURGERY,27826691,"4,745.83 ",,HT000041728,,
Department of Health,NHS East & North Hertfordshire CCG,30/06/2019,C&M-GMS QOF Achievement,PRC DELEGATED CO-COMMISSIONING,PUCKERIDGE & STANDON SURGERY,27826691,"29,035.33 ",,HT000041728,,
Department of Health,NHS East & North Hertfordshire CCG,30/06/2019,C&M-GMS QOF Aspiration,PRC DELEGATED CO-COMMISSIONING,PUCKERIDGE & STANDON SURGERY,27826691,"6,191.68 ",,HT000041728,,
Department of Health,NHS East & North Hertfordshire CCG,30/06/2019,Computer Software/License,CONTINUING HEALTHCARE ASSESSMENT & SUPPORT,QA PLUS LTD,27579174,"33,696.00 ",,19045120,,
Department of Health,NHS East & North Hertfordshire CCG,30/06/2019,Cont Care- Adult 100% Fully Funded,CHC ADULT FULLY FUNDED,RAMSAY NEUROLOGICAL SERVICES,27655464,"250,000.00 ",,ENHERTS0619PF,,
Department of Health,NHS East & North Hertfordshire CCG,30/06/2019,C&M-GMS Global Sum,PRC DELEGATED CO-COMMISSIONING,REGAL CHAMBERS SURGERY,27826689,"89,167.35 ",,HT000041726,,
Department of Health,NHS East & North Hertfordshire CCG,30/06/2019,C&M-GMS MPIG Correction Factor,PRC DELEGATED CO-COMMISSIONING,REGAL CHAMBERS SURGERY,27826689,21.29 ,,HT000041726,,
Department of Health,NHS East & North Hertfordshire CCG,30/06/2019,C&M-GMS PCO Seniority,PRC DELEGATED CO-COMMISSIONING,REGAL CHAMBERS SURGERY,27826689,"2,943.02 ",,HT000041726,,
Department of Health,NHS East & North Hertfordshire CCG,30/06/2019,C&M-GMS Prem Rates,PRC DELEGATED CO-COMMISSIONING,REGAL CHAMBERS SURGERY,27826689,"5,556.25 ",,HT000041726,,
Department of Health,NHS East & North Hertfordshire CCG,30/06/2019,C&M-GMS QOF Achievement,PRC DELEGATED CO-COMMISSIONING,REGAL CHAMBERS SURGERY,27826689,"47,579.32 ",,HT000041726,,
Department of Health,NHS East & North Hertfordshire CCG,30/06/2019,C&M-GMS QOF Aspiration,PRC DELEGATED CO-COMMISSIONING,REGAL CHAMBERS SURGERY,27826689,"10,389.78 ",,HT000041726,,
Department of Health,NHS East & North Hertfordshire CCG,30/06/2019,Clinical&Medical-Independent Sector,ACUTE COMMISSIONING,RIVERS HOSPITAL,27579019,"759,093.00 ",426505170,ENHCCGJUN2019RIVERS,,
Department of Health,NHS East & North Hertfordshire CCG,30/06/2019,Hcare Srv Rec Fdtn Trust-Contract Baseline,ACUTE COMMISSIONING,ROYAL BROMPTON & HAREFIELD NHS FOUNDATION TRUST,27612315,"91,539.79 ",654968091,S006068,,
Department of Health,NHS East & North Hertfordshire CCG,31/05/2019,Hcare Srv Rec Fdtn Trust-Contract Baseline,ACUTE COMMISSIONING,ROYAL FREE LONDON NHS FOUNDATION TRUST,27447991,"2,870,000.00 ",654946987,I0175040,,
Department of Health,NHS East & North Hertfordshire CCG,30/06/2019,Hcare Srv Rec Fdtn Trust-Over/ Under Performance,ACUTE COMMISSIONING,ROYAL FREE LONDON NHS FOUNDATION TRUST,27895696,"286,445.00 ",654946987,I0172414,,
Department of Health,NHS East & North Hertfordshire CCG,30/06/2019,Hcare Srv Rec Fdtn Trust-Over/ Under Performance,ACUTE COMMISSIONING,ROYAL FREE LONDON NHS FOUNDATION TRUST,27895697,"175,993.00 ",654946987,I0172444,,
Department of Health,NHS East & North Hertfordshire CCG,30/06/2019,Hcare Srv Rec Fdtn Trust-Prior Year,ACUTE COMMISSIONING,ROYAL FREE LONDON NHS FOUNDATION TRUST,27895727,"(240,218.00)",654946987,C0021588,,
Department of Health,NHS East & North Hertfordshire CCG,30/06/2019,Hcare Srv Rec Fdtn Trust-Prior Year,NCAS/OATS,ROYAL MARSDEN NHS FOUNDATION TRUST (THE),27496163,"54,749.00 ",65 4947396,45760861,,
Department of Health,NHS East & North Hertfordshire CCG,30/06/2019,Hcare Srv Rec Fdtn Trust-Prior Year,NCAS/OATS,ROYAL MARSDEN NHS FOUNDATION TRUST (THE),27496199,"(40,870.00)",65 4947396,45761898,,
Department of Health,NHS East & North Hertfordshire CCG,30/06/2019,Hcare Srv Rec NHS Trust-Contract Baseline,ACUTE COMMISSIONING,ROYAL NATIONAL ORTHOPAEDIC HOSPITAL NHS TRUST,27579386,"225,747.00 ",654947494,B0040142,,
Department of Health,NHS East & North Hertfordshire CCG,30/06/2019,Hcare Srv Rec Fdtn Trust-Contract Baseline,ACUTE COMMISSIONING,ROYAL PAPWORTH HOSPITAL NHS FOUNDATION TRUST,27543798,"104,657.00 ",GB654935994,57797377,,
Department of Health,NHS East & North Hertfordshire CCG,30/06/2019,Clinical&Medical-Independent Sector,REABLEMENT,SENECA ADVISORY LTD,27708225,"52,800.00 ",263145713,ENH18,,
Department of Health,NHS East & North Hertfordshire CCG,30/06/2019,C&M-GMS Global Sum,PRC DELEGATED CO-COMMISSIONING,SHEPHALL SURGERY,27826693,"55,421.08 ",,HT000041730,,
Department of Health,NHS East & North Hertfordshire CCG,30/06/2019,C&M-GMS PCO Seniority,PRC DELEGATED CO-COMMISSIONING,SHEPHALL SURGERY,27826693,"2,879.09 ",,HT000041730,,
Department of Health,NHS East & North Hertfordshire CCG,30/06/2019,C&M-GMS Prem Actual Rent,PRC DELEGATED CO-COMMISSIONING,SHEPHALL SURGERY,27826693,"9,966.67 ",,HT000041730,,
Department of Health,NHS East & North Hertfordshire CCG,30/06/2019,C&M-GMS Prem Rates,PRC DELEGATED CO-COMMISSIONING,SHEPHALL SURGERY,27826693,"3,321.50 ",,HT000041730,,
Department of Health,NHS East & North Hertfordshire CCG,30/06/2019,C&M-GMS QOF Achievement,PRC DELEGATED CO-COMMISSIONING,SHEPHALL SURGERY,27826693,"23,831.55 ",,HT000041730,,
Department of Health,NHS East & North Hertfordshire CCG,30/06/2019,C&M-GMS QOF Aspiration,PRC DELEGATED CO-COMMISSIONING,SHEPHALL SURGERY,27826693,"5,570.05 ",,HT000041730,,
Department of Health,NHS East & North Hertfordshire CCG,30/06/2019,C&M-GMS Global Sum,PRC DELEGATED CO-COMMISSIONING,SHIPHAY MANOR & ABBEY ROAD SURGERY,27826695,"62,915.70 ",,HT000041732,,
Department of Health,NHS East & North Hertfordshire CCG,30/06/2019,C&M-GMS Other FDR Payment,PRC DELEGATED CO-COMMISSIONING,SHIPHAY MANOR & ABBEY ROAD SURGERY,27826695,"1,029.63 ",,HT000041732,,
Department of Health,NHS East & North Hertfordshire CCG,30/06/2019,C&M-GMS PCO Seniority,PRC DELEGATED CO-COMMISSIONING,SHIPHAY MANOR & ABBEY ROAD SURGERY,27826695,"3,008.98 ",,HT000041732,,
Department of Health,NHS East & North Hertfordshire CCG,30/06/2019,C&M-GMS Prem Actual Rent,PRC DELEGATED CO-COMMISSIONING,SHIPHAY MANOR & ABBEY ROAD SURGERY,27826695,"4,208.33 ",,HT000041732,,
Department of Health,NHS East & North Hertfordshire CCG,30/06/2019,C&M-GMS QOF Achievement,PRC DELEGATED CO-COMMISSIONING,SHIPHAY MANOR & ABBEY ROAD SURGERY,27826695,"30,236.87 ",,HT000041732,,
Department of Health,NHS East & North Hertfordshire CCG,30/06/2019,C&M-GMS QOF Aspiration,PRC DELEGATED CO-COMMISSIONING,SHIPHAY MANOR & ABBEY ROAD SURGERY,27826695,"6,323.91 ",,HT000041732,,
Department of Health,NHS East & North Hertfordshire CCG,30/06/2019,C&M-GMS LES Care of Older People,LOCAL ENHANCED SERVICES,SOUTH STREET SURGERY,27793136,"33,450.63 ",,FSEN0619044,,
Department of Health,NHS East & North Hertfordshire CCG,30/06/2019,C&M-GMS Global Sum,PRC DELEGATED CO-COMMISSIONING,SOUTH STREET SURGERY,27826716,"123,963.93 ",,HT000041754,,
Department of Health,NHS East & North Hertfordshire CCG,30/06/2019,C&M-GMS MPIG Correction Factor,PRC DELEGATED CO-COMMISSIONING,SOUTH STREET SURGERY,27826716,"1,548.86 ",,HT000041754,,
Department of Health,NHS East & North Hertfordshire CCG,30/06/2019,C&M-GMS PCO Seniority,PRC DELEGATED CO-COMMISSIONING,SOUTH STREET SURGERY,27826716,"2,705.16 ",,HT000041754,,
Department of Health,NHS East & North Hertfordshire CCG,30/06/2019,C&M-GMS Prem Actual Rent,PRC DELEGATED CO-COMMISSIONING,SOUTH STREET SURGERY,27826716,"19,805.15 ",,HT000041754,,
Department of Health,NHS East & North Hertfordshire CCG,30/06/2019,C&M-GMS Prem Rates,PRC DELEGATED CO-COMMISSIONING,SOUTH STREET SURGERY,27826716,"5,734.75 ",,HT000041754,,
Department of Health,NHS East & North Hertfordshire CCG,30/06/2019,C&M-GMS QOF Achievement,PRC DELEGATED CO-COMMISSIONING,SOUTH STREET SURGERY,27826716,"64,029.31 ",,HT000041754,,
Department of Health,NHS East & North Hertfordshire CCG,30/06/2019,C&M-GMS QOF Aspiration,PRC DELEGATED CO-COMMISSIONING,SOUTH STREET SURGERY,27826716,"14,716.76 ",,HT000041754,,
Department of Health,NHS East & North Hertfordshire CCG,30/06/2019,Clinical&Medical-Independent Sector - Prior Year,ACUTE COMMISSIONING,SPIRE HEALTHCARE LTD,27496183,"78,276.71 ",915970991,06KHPNREC181912,,
Department of Health,NHS East & North Hertfordshire CCG,30/06/2019,Clinical&Medical-Independent Sector,ACUTE COMMISSIONING,SPIRE HEALTHCARE LTD,27561884,"124,407.00 ",915970991,06KHPNPF192003,,
Department of Health,NHS East & North Hertfordshire CCG,30/06/2019,C&M-APMS Contract Value, ,SPRING HOUSE MEDICAL CENTRE,27604069,"65,193.16 ",,HT000041636,,
Department of Health,NHS East & North Hertfordshire CCG,30/06/2019,C&M-APMS DES Extended Hours Access,PRC DELEGATED CO-COMMISSIONING,SPRING HOUSE MEDICAL CENTRE,27604069,"5,935.54 ",,HT000041636,,
Department of Health,NHS East & North Hertfordshire CCG,30/06/2019,C&M-APMS Prem Rates,PRC DELEGATED CO-COMMISSIONING,SPRING HOUSE MEDICAL CENTRE,27604069,"1,682.00 ",,HT000041636,,
Department of Health,NHS East & North Hertfordshire CCG,30/06/2019,C&M-PMS QOF Achievement,PRC DELEGATED CO-COMMISSIONING,SPRING HOUSE MEDICAL CENTRE,27604069,"21,858.59 ",,HT000041636,,
Department of Health,NHS East & North Hertfordshire CCG,30/06/2019,C&M-PMS QOF Aspiration,PRC DELEGATED CO-COMMISSIONING,SPRING HOUSE MEDICAL CENTRE,27604069,"3,653.87 ",,HT000041636,,
Department of Health,NHS East & North Hertfordshire CCG,30/06/2019,Hcare Srv Rec Fdtn Trust-Prior Year,NCAS/OATS,ST GEORGES UNIVERSITY HOSPITALS NHS FOUNDATION TRUST,27612211,"29,190.52 ",GB654461922,6403215,,
Department of Health,NHS East & North Hertfordshire CCG,30/06/2019,Hcare Srv Rec Fdtn Trust-Prior Year,NCAS/OATS,ST GEORGES UNIVERSITY HOSPITALS NHS FOUNDATION TRUST,27612216,"38,208.23 ",GB654461922,6435248,,
Department of Health,NHS East & North Hertfordshire CCG,30/06/2019,C&M-GMS Global Sum,PRC DELEGATED CO-COMMISSIONING,STANHOPE SURGERY,27826701,"41,019.95 ",,HT000041738,,
Department of Health,NHS East & North Hertfordshire CCG,30/06/2019,C&M-GMS MPIG Correction Factor,PRC DELEGATED CO-COMMISSIONING,STANHOPE SURGERY,27826701,162.06 ,,HT000041738,,
Department of Health,NHS East & North Hertfordshire CCG,30/06/2019,C&M-GMS PCO Seniority,PRC DELEGATED CO-COMMISSIONING,STANHOPE SURGERY,27826701,713.12 ,,HT000041738,,
Department of Health,NHS East & North Hertfordshire CCG,30/06/2019,C&M-GMS Prem Actual Rent,PRC DELEGATED CO-COMMISSIONING,STANHOPE SURGERY,27826701,"4,383.33 ",,HT000041738,,
Department of Health,NHS East & North Hertfordshire CCG,30/06/2019,C&M-GMS QOF Achievement,PRC DELEGATED CO-COMMISSIONING,STANHOPE SURGERY,27826701,"15,476.15 ",,HT000041738,,
Department of Health,NHS East & North Hertfordshire CCG,30/06/2019,C&M-GMS QOF Aspiration,PRC DELEGATED CO-COMMISSIONING,STANHOPE SURGERY,27826701,"3,678.03 ",,HT000041738,,
Department of Health,NHS East & North Hertfordshire CCG,30/06/2019,C&M-GMS LES Care of Older People,LOCAL ENHANCED SERVICES,STANMORE MEDICAL GROUP,27793134,"58,118.13 ",,FSEN0619042,,
Department of Health,NHS East & North Hertfordshire CCG,30/06/2019,C&M-GMS GP Statutory Levy,PRC DELEGATED CO-COMMISSIONING,STANMORE MEDICAL GROUP,27826702,"(3,934.15)",,HT000041739,,
Department of Health,NHS East & North Hertfordshire CCG,30/06/2019,C&M-GMS Prem Rates,PRC DELEGATED CO-COMMISSIONING,STANMORE MEDICAL GROUP,27826702,"(2,453.25)",,HT000041739,,
Department of Health,NHS East & North Hertfordshire CCG,30/06/2019,C&M-GMS Voluntary Levy,PRC DELEGATED CO-COMMISSIONING,STANMORE MEDICAL GROUP,27826702,(447.06),,HT000041739,,
Department of Health,NHS East & North Hertfordshire CCG,30/06/2019,ME - GMS TPS Added Years Adj EEs,PRC DELEGATED CO-COMMISSIONING,STANMORE MEDICAL GROUP,27826702,"(1,139.54)",,HT000041739,,
Department of Health,NHS East & North Hertfordshire CCG,30/06/2019,ME-GMS GP Pension EEs,PRC DELEGATED CO-COMMISSIONING,STANMORE MEDICAL GROUP,27826702,"(15,036.95)",,HT000041739,,
Department of Health,NHS East & North Hertfordshire CCG,30/06/2019,ME-GMS GP Pension ERs Adjustments,PRC DELEGATED CO-COMMISSIONING,STANMORE MEDICAL GROUP,27826702,"(15,302.69)",,HT000041739,,
Department of Health,NHS East & North Hertfordshire CCG,30/06/2019,C&M-GMS DES Learn Dsblty Hlth Chk,PRC DELEGATED CO-COMMISSIONING,STANMORE MEDICAL GROUP,27826703,"7,840.00 ",,HT000041740,,
Department of Health,NHS East & North Hertfordshire CCG,30/06/2019,C&M-GMS Global Sum,PRC DELEGATED CO-COMMISSIONING,STANMORE MEDICAL GROUP,27826703,"232,386.94 ",,HT000041740,,
Department of Health,NHS East & North Hertfordshire CCG,30/06/2019,C&M-GMS MPIG Correction Factor,PRC DELEGATED CO-COMMISSIONING,STANMORE MEDICAL GROUP,27826703,554.07 ,,HT000041740,,
Department of Health,NHS East & North Hertfordshire CCG,30/06/2019,C&M-GMS PCO Seniority,PRC DELEGATED CO-COMMISSIONING,STANMORE MEDICAL GROUP,27826703,"3,180.49 ",,HT000041740,,
Department of Health,NHS East & North Hertfordshire CCG,30/06/2019,C&M-GMS Prem Actual Rent,PRC DELEGATED CO-COMMISSIONING,STANMORE MEDICAL GROUP,27826703,"43,637.50 ",,HT000041740,,
Department of Health,NHS East & North Hertfordshire CCG,30/06/2019,C&M-GMS Prem Notional Rent,PRC DELEGATED CO-COMMISSIONING,STANMORE MEDICAL GROUP,27826703,"2,441.67 ",,HT000041740,,
Department of Health,NHS East & North Hertfordshire CCG,30/06/2019,C&M-GMS Prem Rates,PRC DELEGATED CO-COMMISSIONING,STANMORE MEDICAL GROUP,27826703,"5,724.25 ",,HT000041740,,
Department of Health,NHS East & North Hertfordshire CCG,30/06/2019,C&M-GMS QOF Achievement,PRC DELEGATED CO-COMMISSIONING,STANMORE MEDICAL GROUP,27826703,"115,648.86 ",,HT000041740,,
Department of Health,NHS East & North Hertfordshire CCG,30/06/2019,C&M-GMS QOF Aspiration,PRC DELEGATED CO-COMMISSIONING,STANMORE MEDICAL GROUP,27826703,"23,376.71 ",,HT000041740,,
Department of Health,NHS East & North Hertfordshire CCG,30/06/2019,Clinical&Medical-Clinical Other,GP FORWARD VIEW,STEVENAGE HEALTH LTD,27838332,"29,184.57 ",,SHLEASERVICEJUNE2019,,
Department of Health,NHS East & North Hertfordshire CCG,30/06/2019,C&M-GMS DES Learn Dsblty Hlth Chk,PRC DELEGATED CO-COMMISSIONING,STOCKWELL LODGE MEDICAL CENTRE,27826699,"4,340.00 ",,HT000041736,,
Department of Health,NHS East & North Hertfordshire CCG,30/06/2019,C&M-GMS Global Sum,PRC DELEGATED CO-COMMISSIONING,STOCKWELL LODGE MEDICAL CENTRE,27826699,"71,158.38 ",,HT000041736,,
Department of Health,NHS East & North Hertfordshire CCG,30/06/2019,C&M-GMS MPIG Correction Factor,PRC DELEGATED CO-COMMISSIONING,STOCKWELL LODGE MEDICAL CENTRE,27826699,323.36 ,,HT000041736,,
Department of Health,NHS East & North Hertfordshire CCG,30/06/2019,C&M-GMS PCO Seniority,PRC DELEGATED CO-COMMISSIONING,STOCKWELL LODGE MEDICAL CENTRE,27826699,"2,176.62 ",,HT000041736,,
Department of Health,NHS East & North Hertfordshire CCG,30/06/2019,C&M-GMS Prem Notional Rent,PRC DELEGATED CO-COMMISSIONING,STOCKWELL LODGE MEDICAL CENTRE,27826699,"9,583.33 ",,HT000041736,,
Department of Health,NHS East & North Hertfordshire CCG,30/06/2019,C&M-GMS QOF Achievement,PRC DELEGATED CO-COMMISSIONING,STOCKWELL LODGE MEDICAL CENTRE,27826699,"34,741.81 ",,HT000041736,,
Department of Health,NHS East & North Hertfordshire CCG,30/06/2019,C&M-GMS QOF Aspiration,PRC DELEGATED CO-COMMISSIONING,STOCKWELL LODGE MEDICAL CENTRE,27826699,"7,102.02 ",,HT000041736,,
Department of Health,NHS East & North Hertfordshire CCG,30/06/2019,C&M-GMS Global Sum,PRC DELEGATED CO-COMMISSIONING,SURGERY ASTONIA HOUSE,27826697,"87,331.97 ",,HT000041734,,
Department of Health,NHS East & North Hertfordshire CCG,30/06/2019,C&M-GMS MPIG Correction Factor,PRC DELEGATED CO-COMMISSIONING,SURGERY ASTONIA HOUSE,27826697,267.04 ,,HT000041734,,
Department of Health,NHS East & North Hertfordshire CCG,30/06/2019,C&M-GMS PCO Other,PRC DELEGATED CO-COMMISSIONING,SURGERY ASTONIA HOUSE,27826697,"7,850.00 ",,HT000041734,,
Department of Health,NHS East & North Hertfordshire CCG,30/06/2019,C&M-GMS PCO Seniority,PRC DELEGATED CO-COMMISSIONING,SURGERY ASTONIA HOUSE,27826697,"4,066.31 ",,HT000041734,,
Department of Health,NHS East & North Hertfordshire CCG,30/06/2019,C&M-GMS Prem Rates,PRC DELEGATED CO-COMMISSIONING,SURGERY ASTONIA HOUSE,27826697,"3,179.75 ",,HT000041734,,
Department of Health,NHS East & North Hertfordshire CCG,30/06/2019,C&M-GMS QOF Achievement,PRC DELEGATED CO-COMMISSIONING,SURGERY ASTONIA HOUSE,27826697,"43,505.52 ",,HT000041734,,
Department of Health,NHS East & North Hertfordshire CCG,30/06/2019,C&M-GMS QOF Aspiration,PRC DELEGATED CO-COMMISSIONING,SURGERY ASTONIA HOUSE,27826697,"9,790.95 ",,HT000041734,,
Department of Health,NHS East & North Hertfordshire CCG,30/06/2019,C&M-GMS Global Sum,PRC DELEGATED CO-COMMISSIONING,SYMONDS GREEN HEALTH CENTRE,27826705,"30,734.53 ",,HT000041742,,
Department of Health,NHS East & North Hertfordshire CCG,30/06/2019,C&M-GMS MPIG Correction Factor,PRC DELEGATED CO-COMMISSIONING,SYMONDS GREEN HEALTH CENTRE,27826705,68.78 ,,HT000041742,,
Department of Health,NHS East & North Hertfordshire CCG,30/06/2019,C&M-GMS PCO Seniority,PRC DELEGATED CO-COMMISSIONING,SYMONDS GREEN HEALTH CENTRE,27826705,986.68 ,,HT000041742,,
Department of Health,NHS East & North Hertfordshire CCG,30/06/2019,C&M-GMS Prem Actual Rent,PRC DELEGATED CO-COMMISSIONING,SYMONDS GREEN HEALTH CENTRE,27826705,"9,375.00 ",,HT000041742,,
Department of Health,NHS East & North Hertfordshire CCG,30/06/2019,C&M-GMS QOF Achievement,PRC DELEGATED CO-COMMISSIONING,SYMONDS GREEN HEALTH CENTRE,27826705,"10,832.08 ",,HT000041742,,
Department of Health,NHS East & North Hertfordshire CCG,30/06/2019,C&M-GMS QOF Aspiration,PRC DELEGATED CO-COMMISSIONING,SYMONDS GREEN HEALTH CENTRE,27826705,"2,714.31 ",,HT000041742,,
Department of Health,NHS East & North Hertfordshire CCG,30/06/2019,Hcare Srv Rec Fdtn Trust-Contract Baseline,ACUTE COMMISSIONING,UNIVERSITY COLLEGE LONDON HOSPITALS NHS FOUNDATION TRUST,27579771,"614,646.00 ",654948687,1213140,,
Department of Health,NHS East & North Hertfordshire CCG,30/06/2019,C&M-GMS Global Sum,PRC DELEGATED CO-COMMISSIONING,WALLACE HOUSE SURGERY,27826708,"89,447.55 ",,HT000041746,,
Department of Health,NHS East & North Hertfordshire CCG,30/06/2019,C&M-GMS MPIG Correction Factor,PRC DELEGATED CO-COMMISSIONING,WALLACE HOUSE SURGERY,27826708,161.00 ,,HT000041746,,
Department of Health,NHS East & North Hertfordshire CCG,30/06/2019,C&M-GMS PCO Seniority,PRC DELEGATED CO-COMMISSIONING,WALLACE HOUSE SURGERY,27826708,"1,465.21 ",,HT000041746,,
Department of Health,NHS East & North Hertfordshire CCG,30/06/2019,C&M-GMS Prem Actual Rent,PRC DELEGATED CO-COMMISSIONING,WALLACE HOUSE SURGERY,27826708,"18,700.00 ",,HT000041746,,
Department of Health,NHS East & North Hertfordshire CCG,30/06/2019,C&M-GMS QOF Achievement,PRC DELEGATED CO-COMMISSIONING,WALLACE HOUSE SURGERY,27826708,"38,764.29 ",,HT000041746,,
Department of Health,NHS East & North Hertfordshire CCG,30/06/2019,C&M-GMS QOF Aspiration,PRC DELEGATED CO-COMMISSIONING,WALLACE HOUSE SURGERY,27826708,"9,421.64 ",,HT000041746,,
Department of Health,NHS East & North Hertfordshire CCG,30/06/2019,C&M-GMS Global Sum,PRC DELEGATED CO-COMMISSIONING,WARDEN LODGE MEDICAL PRACTICE,27826710,"69,953.19 ",,HT000041748,,
Department of Health,NHS East & North Hertfordshire CCG,30/06/2019,C&M-GMS Other FDR Payment,PRC DELEGATED CO-COMMISSIONING,WARDEN LODGE MEDICAL PRACTICE,27826710,"2,057.59 ",,HT000041748,,
Department of Health,NHS East & North Hertfordshire CCG,30/06/2019,C&M-GMS Prem Actual Rent,PRC DELEGATED CO-COMMISSIONING,WARDEN LODGE MEDICAL PRACTICE,27826710,"36,952.50 ",,HT000041748,,
Department of Health,NHS East & North Hertfordshire CCG,30/06/2019,C&M-GMS QOF Achievement,PRC DELEGATED CO-COMMISSIONING,WARDEN LODGE MEDICAL PRACTICE,27826710,"33,883.58 ",,HT000041748,,
Department of Health,NHS East & North Hertfordshire CCG,30/06/2019,C&M-GMS QOF Aspiration,PRC DELEGATED CO-COMMISSIONING,WARDEN LODGE MEDICAL PRACTICE,27826710,"7,563.92 ",,HT000041748,,
Department of Health,NHS East & North Hertfordshire CCG,30/06/2019,C&M-GMS Dispensing Quality Sch,PRC DELEGATED CO-COMMISSIONING,WATTON PLACE CLINIC,27826712,"12,458.82 ",,HT000041750,,
Department of Health,NHS East & North Hertfordshire CCG,30/06/2019,C&M-GMS Global Sum,PRC DELEGATED CO-COMMISSIONING,WATTON PLACE CLINIC,27826712,"35,772.67 ",,HT000041750,,
Department of Health,NHS East & North Hertfordshire CCG,30/06/2019,C&M-GMS MPIG Correction Factor,PRC DELEGATED CO-COMMISSIONING,WATTON PLACE CLINIC,27826712,104.27 ,,HT000041750,,
Department of Health,NHS East & North Hertfordshire CCG,30/06/2019,C&M-GMS PCO Other,PRC DELEGATED CO-COMMISSIONING,WATTON PLACE CLINIC,27826712,"3,419.00 ",,HT000041750,,
Department of Health,NHS East & North Hertfordshire CCG,30/06/2019,C&M-GMS PCO Seniority,PRC DELEGATED CO-COMMISSIONING,WATTON PLACE CLINIC,27826712,"1,743.38 ",,HT000041750,,
Department of Health,NHS East & North Hertfordshire CCG,30/06/2019,C&M-GMS Prem Notional Rent,PRC DELEGATED CO-COMMISSIONING,WATTON PLACE CLINIC,27826712,"1,737.50 ",,HT000041750,,
Department of Health,NHS East & North Hertfordshire CCG,30/06/2019,C&M-GMS Prem Water Rates,PRC DELEGATED CO-COMMISSIONING,WATTON PLACE CLINIC,27826712,987.11 ,,HT000041750,,
Department of Health,NHS East & North Hertfordshire CCG,30/06/2019,C&M-GMS QOF Achievement,PRC DELEGATED CO-COMMISSIONING,WATTON PLACE CLINIC,27826712,"13,376.53 ",,HT000041750,,
Department of Health,NHS East & North Hertfordshire CCG,30/06/2019,C&M-GMS QOF Aspiration,PRC DELEGATED CO-COMMISSIONING,WATTON PLACE CLINIC,27826712,"2,962.69 ",,HT000041750,,
Department of Health,NHS East & North Hertfordshire CCG,30/06/2019,C&M-GMS Cost of Drugs -Dispensing,LOCAL ENHANCED SERVICES,WATTON PLACE CLINIC,27850442,"(76,197.96)",,HT000042031,,
Department of Health,NHS East & North Hertfordshire CCG,30/06/2019,C&M-GMS PrscChrgsCll&RmttdbyGPCntra,PRC DELEGATED CO-COMMISSIONING,WATTON PLACE CLINIC,27850442,"(5,753.20)",,HT000042031,,
Department of Health,NHS East & North Hertfordshire CCG,30/06/2019,C&M-GMS Cost of Drugs -Dispensing,LOCAL ENHANCED SERVICES,WATTON PLACE CLINIC,27850443,"117,184.26 ",,HT000042032,,
Department of Health,NHS East & North Hertfordshire CCG,30/06/2019,C&M-GMS Prof Fees Dispensing,PRC DELEGATED CO-COMMISSIONING,WATTON PLACE CLINIC,27850443,"21,894.56 ",,HT000042032,,
Department of Health,NHS East & North Hertfordshire CCG,30/06/2019,C&M-GMS PrscrptnChrgsColl&RmttdbyGP,LOCAL ENHANCED SERVICES,WATTON PLACE CLINIC,27850443,"5,753.20 ",,HT000042032,,
Department of Health,NHS East & North Hertfordshire CCG,30/06/2019,Hcare Srv Rec NHS Trust-Contract Baseline,ACUTE COMMISSIONING,WEST HERTFORDSHIRE HOSPITALS NHS TRUST,27579117,"257,008.72 ",654974002,0000259901,,
Department of Health,NHS East & North Hertfordshire CCG,30/06/2019,Hcare Srv Rec NHS Trust-Contract Baseline,ACUTE COMMISSIONING,WEST HERTFORDSHIRE HOSPITALS NHS TRUST,27612323,"63,547.00 ",654974002,0000260046,,
Department of Health,NHS East & North Hertfordshire CCG,30/06/2019,Hcare Srv Rec NHS Trust-Over/ Under Performance,ACUTE COMMISSIONING,WEST HERTFORDSHIRE HOSPITALS NHS TRUST,27741465,"29,206.00 ",654974002,0000258805,,
Department of Health,NHS East & North Hertfordshire CCG,30/06/2019,Hcare Srv Rec NHS Trust-Over/ Under Performance,ACUTE COMMISSIONING,WEST HERTFORDSHIRE HOSPITALS NHS TRUST,27810876,"34,948.00 ",654974002,0000258465,,
Department of Health,NHS East & North Hertfordshire CCG,30/06/2019,Hcare Srv Rec NHS Trust-Contract Baseline,ACUTE COMMISSIONING,WHITTINGTON HOSPITAL NHS TRUST (THE),27543790,"29,516.83 ",654948100,00087826,,
Department of Health,NHS East & North Hertfordshire CCG,30/06/2019,C&M-GMS Dispensing Quality Sch,PRC DELEGATED CO-COMMISSIONING,WHITWELL SURGERY,27826706,"6,331.32 ",,HT000041744,,
Department of Health,NHS East & North Hertfordshire CCG,30/06/2019,C&M-GMS Global Sum,PRC DELEGATED CO-COMMISSIONING,WHITWELL SURGERY,27826706,"22,103.75 ",,HT000041744,,
Department of Health,NHS East & North Hertfordshire CCG,30/06/2019,C&M-GMS PCO Seniority,PRC DELEGATED CO-COMMISSIONING,WHITWELL SURGERY,27826706,493.34 ,,HT000041744,,
Department of Health,NHS East & North Hertfordshire CCG,30/06/2019,C&M-GMS QOF Achievement,PRC DELEGATED CO-COMMISSIONING,WHITWELL SURGERY,27826706,"8,435.93 ",,HT000041744,,
Department of Health,NHS East & North Hertfordshire CCG,30/06/2019,C&M-GMS QOF Aspiration,PRC DELEGATED CO-COMMISSIONING,WHITWELL SURGERY,27826706,"1,741.79 ",,HT000041744,,
Department of Health,NHS East & North Hertfordshire CCG,30/06/2019,C&M-GMS Cost of Drugs -Dispensing,LOCAL ENHANCED SERVICES,WHITWELL SURGERY,27850439,"35,867.73 ",,HT000042028,,
Department of Health,NHS East & North Hertfordshire CCG,30/06/2019,C&M-GMS Prof Fees Dispensing,PRC DELEGATED CO-COMMISSIONING,WHITWELL SURGERY,27850439,"7,138.20 ",,HT000042028,,
Department of Health,NHS East & North Hertfordshire CCG,30/06/2019,C&M-GMS PrscrptnChrgsColl&RmttdbyGP,LOCAL ENHANCED SERVICES,WHITWELL SURGERY,27850439,"1,772.00 ",,HT000042028,,
Department of Health,NHS East & North Hertfordshire CCG,30/06/2019,C&M-GMS Global Sum,PRC DELEGATED CO-COMMISSIONING,WRAFTON HOUSE,27826714,"67,085.86 ",,HT000041752,,
Department of Health,NHS East & North Hertfordshire CCG,30/06/2019,C&M-GMS PCO Seniority,PRC DELEGATED CO-COMMISSIONING,WRAFTON HOUSE,27826714,"1,220.40 ",,HT000041752,,
Department of Health,NHS East & North Hertfordshire CCG,30/06/2019,C&M-GMS Prem Actual Rent,PRC DELEGATED CO-COMMISSIONING,WRAFTON HOUSE,27826714,"2,687.50 ",,HT000041752,,
Department of Health,NHS East & North Hertfordshire CCG,30/06/2019,C&M-GMS Prem Rates,PRC DELEGATED CO-COMMISSIONING,WRAFTON HOUSE,27826714,"4,142.25 ",,HT000041752,,
Department of Health,NHS East & North Hertfordshire CCG,30/06/2019,C&M-GMS QOF Achievement,PRC DELEGATED CO-COMMISSIONING,WRAFTON HOUSE,27826714,"30,870.89 ",,HT000041752,,
Department of Health,NHS East & North Hertfordshire CCG,30/06/2019,C&M-GMS QOF Aspiration,PRC DELEGATED CO-COMMISSIONING,WRAFTON HOUSE,27826714,"7,353.97 ",,HT000041752,,
Department of Health,NHS East & North Hertfordshire CCG,30/06/2019,Cont Care-FNC Client Continence Allow,FUNDED NURSING CARE,WYMONDLEY NURSING & CARE HOME LTD,27510394,803.57 ,,WM19006,,
Department of Health,NHS East & North Hertfordshire CCG,30/06/2019,Cont Care-Funded Nursing Care Allow,FUNDED NURSING CARE,WYMONDLEY NURSING & CARE HOME LTD,27510394,"27,341.05 ",,WM19006,,
,,,,,,,,,,,
,,,,,,,"63,834,986.07 ",,,,
